Estab;cnes
0000035 HOSPITAL MENDO SAMPAIO;0000035
0000086 CENTRO DE SAUDE DA MULHER CAIC;0000086
0000396 HOSPITAL DAS CLINICAS;0000396
0000418 HOSPITAL AGAMENON MAGALHAES;0000418
0000426 HOSPITAL OTAVIO DE FREITAS;0000426
0000434 IMIP;0000434
0000477 HOSPITAL OSWALDO CRUZ;0000477
0000566 HOSPITAL MARIA LUCINDA;0000566
0000582 HOSPITAL DE CANCER DE PERNAMBUCO;0000582
0000655 HOSPITAL DA RESTAURACAO;0000655
0000779 US 143 LABORATORIO MUNICIPAL DO RECIFE;0000779
0000809 FUNDACAO HEMOPE;0000809
0001023 IRSIR;0001023
0001120 REAL HOSPITAL PORTUGUES;0001120
0002208 CENTRO DE ATENCAO INTEGRAL A SAUDE DA MULH;0002208
0002232 HOSPITAL E MATERNIDADE SANTA IZABEL;0002232
0002275 HOSPITAL SAO JOSE;0002275
0002283 HOSPITAL DE CIRURGIA;0002283
0002534 HOSPITAL UNIVERSITARIO DE SERGIPE HUSE;0002534
0003050 LABORATORIO DRA MONICA;0003050
0003271 LABORATORIO DE ANATOMIA PATOLOGICA E CITOP;0003271
0003778 HOSPITAL ESTADUAL DA MULHER;0003778
0003786 HOSPITAL ARISTIDES MALTEZ;0003786
0003808 HOSPITAL SAO RAFAEL;0003808
0003816 HOSPITAL UNIVERSITARIO PROFESSOR EDGARD SA;0003816
0003832 HOSPITAL SANTA ISABEL;0003832
0003921 CICAN;0003921
0003980 HOSPITAL ELADIO LASSERRE;0003980
0004251 HOSPITAL PORTUGUES;0004251
0004278 HOSPITAL MARTAGAO GESTEIRA;0004278
0005061 IBIT INSTITUTO BRAS PARA INVESTIGACAO DA T;0005061
0007641 ABSJ;0007641
0007684 HOSPITAL MAGALHAES;0007684
0008028 HOSPITAL MUNICIPAL ANTONIO GIGLIO;0008028
0008036 HOSPITAL MATERNIDADE AMADOR AGUIAR;0008036
0008052 HOSPITAL REGIONAL DR VIVALDO MARTINS SIMOE;0008052
0008753 INSTITUTO DE RADIOTERAPIA DO ABC;0008753
0008923 CENTRO HOSPITALAR DE SANTO ANDRE DR NEWTON;0008923
0009318 LABORATORIO CENTRAL;0009318
0009369 CENON CENTRO DE ONCOLOGIA RADIOTERAPICA DO;0009369
0009539 HOSPITAL MATERNO INFANTIL ANTONINHO DA ROC;0009539
0009601 HOSPITAL PIO XII;0009601
0009628 HOSPITAL MUNICIPAL DR JOSE DE CARVALHO FLO;0009628
0009709 EBSERH HOSP UNIV MARIA APARECIDA PEDROSSIA;0009709
0009717 SANTA CASA;0009717
0009725 HOSPITAL REGIONAL DE MATO GROSSO DO SUL;0009725
0009733 HOSPITAL SAO JULIAO;0009733
0009776 HOSPITAL DO CANCER DR ALFREDO ABRAO;0009776
0009962 LABORATORIO DE ANATOMIA PATOLOGIA E CITOLO;0009962
0010030 HISTOLAB MS;0010030
0010456 HOSPITAL DE BASE DO DISTRITO FEDERAL;0010456
0010464 HRAN;0010464
0010472 HRG;0010472
0010480 HOSPITAL REGIONAL DE CEILANDIA;0010480
0010499 HRT HOSPITAL REGIONAL DE TAGUATINGA;0010499
0010502 HRS;0010502
0010510 HOSPITAL UNIVERSITARIO DE BRASILIA;0010510
0010537 HOSPITAL MATERNO INFANTIL DR ANTONIO LISBO;0010537
0011738 HOSPITAL SANTA RITA DE CASSIA;0011738
0011746 HOSPITAL DA SANTA CASA DE MISERICORDIA DE;0011746
0011800 HOSPITAL INFANTIL NOSSA SENHORA DA GLORIA;0011800
0011843 SANTA CASA DE MISERICORDIA DE VITORIA UNID;0011843
0012416 LABORATORIO DE ANATOMIA PATOLOGICA E CITOL;0012416
0012505 HOSPITAL UNIVERSITARIO ANTONIO PEDRO;0012505
0012521 SES RJ HOSPITAL ESTADUAL AZEVEDO LIMA;0012521
0012556 HOSPITAL ORENCIO DE FREITAS;0012556
0013633 HOSPITAL ANGELINA CARON;0013633
0013838 HOSPITAL SAO LUCAS;0013838
0013846 HOSPITAL DO ROCIO;0013846
0014109 HOSPITAL SANTA CASA DE MISERICORDIA;0014109
0014125 CENTER CLINICAS;0014125
0015245 HOSPITAL UNIVERSITARIO EVANGELICO MACKENZI;0015245
0015318 HNSG;0015318
0015334 HOSPITAL SANTA CASA DE CURITIBA;0015334
0015369 COMPLEXO HOSPITALAR DO TRABALHADOR;0015369
0015407 HOSPITAL UNIVERSITARIO CAJURU;0015407
0015423 CRUZ VERMELHA BRASILEIRA FILIAL DO ESTADO;0015423
0015539 FUNDACAO PRO HANSEN;0015539
0015563 HOSPITAL INFANTIL PEQUENO PRINCIPE;0015563
0015598 CLINICA PARANAENSE DE TUMORES SC;0015598
0015636 HOSPITAL DE OLHOS DO PARANA;0015636
0015644 HOSPITAL ERASTO GAERTNER;0015644
0016055 LABORCENTRO;0016055
0016136 PATOLOGISTAS ASSOCIADOS;0016136
0016357 LABORATORIO ANNALAB;0016357
0016446 NEOPATH PATOLOGIA DIAGNOSTICA;0016446
0017868 POLICLINICA PATO BRANCO;0017868
0017876 CIS CONIMS;0017876
0017884 ISSAL;0017884
0018694 HOSPITAL BOM JESUS;0018694
0019283 MATERNIDADE CARMELA DUTRA;0019283
0019305 HOSPITAL FLORIANOPOLIS;0019305
0019402 IMPERIAL HOSPITAL DE CARIDADE;0019402
0019445 CEPONSC;0019445
0021741 LAC LABORATORIO DE ANATOMIA PATOLOGICA E C;0021741
0021768 SCREENLAB LABORATORIO DE CITOLOGIA E PATOL;0021768
0022500 LABORATORIO DE REFERENCIA EM ANALISES CLIN;0022500
0025135 HOSPITAL MUNICIPAL SAO JOAO BATISTA;0025135
0025186 HINJA;0025186
0025550 CENTRO MUNICIPAL DE ESPECIALIDADES ENFERME;0025550
0025925 POLICLINICA DA MULHER DR JULIO PEREIRA GOM;0025925
0026719 CENTRO OFTALMOLOGICO DE MINAS GERAIS;0026719
0026794 HOSPITAL SOFIA FELDMAN;0026794
0026808 HOSPITAL EVANGELICO DE BELO HORIZONTE;0026808
0026840 COMPLEXO HOSPITALAR SAO FRANCISCO;0026840
0026859 HOSPITAL FELICIO ROCHO;0026859
0026921 HOSPITAL JOAO XXIII;0026921
0026964 HOSPITAL ALBERTO CAVALCANTI;0026964
0026972 MATERNIDADE ODETE VALADARES;0026972
0027014 SANTA CASA DE BELO HORIZONTE;0027014
0027022 HOSPITAL JULIA KUBITSCHEK;0027022
0027049 HOSP DAS CLINICAS DA UNIV FED DE MINAS GER;0027049
0027383 LABORATORIO TAFURI SAO PAULO;0027383
0027499 LAB CYTO GENESIS;0027499
0027863 HOSPITAL RISOLETA TOLENTINO NEVES;0027863
0028878 PATOLOGOS;0028878
0048305 POLICLINICA ESTADUAL DA REGIAO NORDESTE PO;0048305
0059218 POLICLINICA REGIONAL DE SAUDE EM BARREIRAS;0059218
0087785 SAO ROQUE MEDICINA DIAGNOSTICA LTDA;0087785
0092894 HOSPITAL REGIONAL DO LITORAL NORTE;0092894
0181277 HOSPITAL REGIONAL HILDA STRENGER RIBEIRO;0181277
0215805 DMAP;0215805
0249254 LASS LABORATORIO DE ANALISES CLINICAS SAO;0249254
0265500 US 111 HOSPITAL EDUARDO CAMPOS DA PESSOA I;0265500
0293768 BIOMEGA MEDICINA DIAGNOSTICA;0293768
0404853 AME AMBULATORIO MEDICO DE ESPECIALIDADES D;0404853
0432237 CECAP;0432237
0547484 HOSPITAL ESTADUAL DO CENTRO NORTE GOIANO;0547484
0762776 SAUDE UNIVATES LABORATORIOS DE APOIO AO DI;0762776
0768855 WM PATOLOGIA DIAGNOSTICA;0768855
0776459 CIS CENTRO INTEGRADO DE SAUDE;0776459
0829781 POLICLINICA REGIONAL DE SAUDE DE BRUMADO;0829781
0854646 ASSOCIACAO HOSPITALAR BENEFICENTE MOACIR M;0854646
0871249 LABORATORIO SAGRADA FAMILIA;0871249
0887900 HUMANIZALAB LTDA;0887900
0901725 HOSPITAL REGIONAL HILDA STRENGER RIBEIRO;0901725
0919373 HOSPITAL UNIVERSITARIO REITOR HESIO CORDEI;0919373
0963313 DBC PATOLOGIA DIAGNOSTICA;0963313
2001586 FUNDHACRE;2001586
2003775 SANTA CASA DE MISERICORDIA DE PENEDO;2003775
2004976 HOSPITAL MEMORIAL DJACY BARBOSA;2004976
2005026 CASA DE SAUDE E MAT N SRA DE FATIMA LTDA;2005026
2005050 HOSPITAL REGIONAL DE ARAPIRACA;2005050
2005069 NPDC;2005069
2005417 CHAMA;2005417
2005956 LACIT;2005956
2006197 HOSPITAL UNIVERSITARIO PROF ALBERTO ANTUNE;2006197
2006340 CASA DE SAUDE SANTO ANTONIO;2006340
2006448 HOSPITAL VEREDAS;2006448
2006588 IPIC INSTITUTO DE PATOLOGIA IMUNOISTOQUIMI;2006588
2007037 SANTA CASA DE MISERICORDIA DE MACEIO;2007037
2010631 HOSPITAL REGIONAL SANTA RITA E MATERNIDADE;2010631
2012650 FUNDACAO HOSPITALAR ALFREDO DA MATTA FUHAM;2012650
2012677 FUNDACAO CECON;2012677
2017644 HOSPITAL UNIVERSITARIO GETULIO VARGAS HUGV;2017644
2018918 LABORATORIOS REUNIDOS;2018918
2020645 SES AP HOSPITAL DE CLINICAS DOUTOR ALBERTO;2020645
2021994 CEPAC CENTRO DIAG ANAT PATOL CITOPATOLOGIA;2021994
2022621 MATERNIDADE DE CAMPINAS;2022621
2023016 CASA DE CARIDADE SAO VICENTE DE PAULO CAJU;2023016
2023474 HOSPITAL MUNICIPAL WALTER FERRARI;2023474
2023709 SANTA CASA DE MISERICORDIA DE ITATIBA;2023709
2024691 SANTA CASA DE CRUZEIRO;2024691
2024756 HOSPITAL E MATERNIDADE NOSSA SENHORA DA AJ;2024756
2025299 AMBULATORIO MUNICIPAL PREFEITO HERMINIO DE;2025299
2025353 POLICLINICA CENTRO;2025353
2025361 HOSPITAL ANCHIETA;2025361
2025477 HOSPITAL E MATERNIDADE SANTA ISABEL DE JAB;2025477
2025507 HOSPITAL DAS CLINICAS HCFAMEMA;2025507
2025523 HCFAMEMA UNIDADE MATERNO INFANTIL;2025523
2025752 SANTA CASA DE SANTOS;2025752
2026384 TATUILAB ANATOMIA PATOLOGICA E CITOLOGIA T;2026384
2026805 SANTA CASA DE GUARIBA;2026805
2027186 SANTA CASA DE MISERICORDIA DE ITAPEVA;2027186
2027356 HOSPITAL MUNICIPAL UNIVERSITARIO;2027356
2028204 SANTA CASA DE MONTE ALTO;2028204
2028840 INSTITUTO DE INFECTOLOGIA EMILIO RIBAS SAO;2028840
2030020 UNESP CAMPUS DE ARACATUBA;2030020
2030705 INSTITUTO DE RADIOTERAPIA PRESIDENTE PRUDE;2030705
2035081 CENTRO DE ATENCAO INTEGRAL A SAUDE DA MULH;2035081
2035472 INSTITUTO DE PATOLOGIA DE ARACATUBA;2035472
2036274 LABORATORIO DE PATOLOGIA E CITOLOGIA DE SO;2036274
2038196 CAISM CENTRO DE ATENCAO INT SAUDE DA MULHE;2038196
2039249 CAD CENTRO APOIO E DIAGNOSTICO SAO VICENTE;2039249
2040050 UNIDADE DE COLETA;2040050
2043025 AMBULATORIO DO CENTRO HOSPITALAR DE SANTO;2043025
2047713 UBS NOVA HORTOLANDIA DOM BRUNO GAMBERINI;2047713
2048507 LABORATORIO PAULISTA ITAPETININGA;2048507
2049457 CENTRO DE SAUDE II MAIRINQUE MAIRINQUE;2049457
2049619 INSTITUTO DE PATOLOGIA DE CAMPINAS;2049619
2049775 LABORATORIO DE PATOLOGIA CIRURGICA CITOPAT;2049775
2052407 ITAPEMA LABORATORIOS FILIAL;2052407
2053446 AMBULATORIO DE ESPECIALIDADES;2053446
2055228 FACULDADE DE ODONTO RIBEIRAO PRETO;2055228
2056860 CEM DRA ZILDA ARNS NEUMANN CARAGUATATUBA;2056860
2058308 HOSPITAL MUNICIPAL DR ACILIO CARREON GARCI;2058308
2058790 HOSPITAL MUNICIPAL DR WALDEMAR TEBALDI;2058790
2060027 CENTRO DE ESPECIALIDADES E APOIO DIAGNOSTI;2060027
2063646 LABORATORIO CARDOSO DE ALMEIDA;2063646
2064340 LABORATORIO MUNICIPAL DR DJAIR ISCARO SORO;2064340
2066092 HOSPITAL GERAL DE PEDREIRA;2066092
2066394 LABORATORIO DE PATOLOGIA DE BIRIGUI S C LT;2066394
2066572 HOSPITAL HELIOPOLIS UNIDADE DE GESTAO ASSI;2066572
2066637 CENTRO DE ESPECIALIDADES MEDICAS DR DOMING;2066637
2069601 FUNDACAO ONCOCENTRO DE SAO PAULO;2069601
2069776 HOSPITAL DE URGENCIA;2069776
2071185 POUPATEMPO DA SAUDE;2071185
2071371 HOSPITAL INFANTIL DARCY VARGAS UGA III SAO;2071371
2071568 HC DA FMUSP INSTITUTO DO CORACAO INCOR SAO;2071568
2073269 CEMAS PRAIA GRANDE;2073269
2074044 IPC DR NICOLINO LIA NETO;2074044
2075717 HOSP MUN MATERNIDADE PROFESSOR MARIO DEGNI;2075717
2075962 HOSP DA STA CASA DE STO AMARO;2075962
2076225 LABORATORIO PROF DR HUMBERTO RIBEIRAO PRET;2076225
2076896 HOSPITAL SAO LUIZ GONZAGA;2076896
2076926 HOSPITAL UNIVERSITARIO DA USP SAO PAULO;2076926
2077396 HOSPITAL DE BASE DE SAO JOSE DO RIO PRETO;2077396
2077426 HOSPITAL ESTADUAL DE VILA ALPINA ORG SOCIA;2077426
2077434 HOSPITAL DR LEOPOLDO BEVILACQUA;2077434
2077450 HOSP MUN PIRITUBA JOSE SOARES HUNGRIA;2077450
2077477 HOSPITAL SANTA MARCELINA SAO PAULO;2077477
2077485 HOSPITAL SAO PAULO HOSPITAL DE ENSINO DA U;2077485
2077493 HOSPITAL GERAL DE SAO MATEUS SAO PAULO;2077493
2077507 HOSPITAL LEFORTE LIBERDADE;2077507
2077523 UNIDADE DE GESTAO ASSISTENCIAL II HOSPITAL;2077523
2077531 A C CAMARGO CANCER CENTER;2077531
2077582 HOSPITAL NOSSA SENHORA DA PIEDADE;2077582
2077590 IBCC;2077590
2077620 HOSPITAL GERAL SANTA MARCELINA DE ITAIM PA;2077620
2077639 HOSP MUN PROF DR WALDOMIRO DE PAULA;2077639
2077647 SANTA CASA DE MIS DE ADAMANTINA NA PROVIDE;2077647
2077671 HOSPITAL GERAL DO GRAJAU PROF LIBER JOHN A;2077671
2078015 HC DA FMUSP HOSPITAL DAS CLINICAS SAO PAUL;2078015
2078023 HOSPITAL SAO LUCAS;2078023
2078074 SANTA CASA DE LEME;2078074
2078104 HOSPITAL GERAL DE ITAPEVI;2078104
2078155 HOSPITAL STELLA MARIS;2078155
2078252 SANTA CASA DE BIRIGUI;2078252
2078287 CENTRO DE REFERENCIA DA SAUDE DA MULHER SA;2078287
2078295 SANTA CASA DE TAQUARITINGA;2078295
2078325 HOSP MUN INFANTIL MENINO JESUS;2078325
2078414 SANTA CASA DE GUAIRA;2078414
2078449 SANTA CASA DE PATROCINIO PAULISTA;2078449
2078473 HOSPITAL DR LUIZ CAMARGO DA FONSECA E SILV;2078473
2078503 SANTA CASA DE PENAPOLIS;2078503
2078511 HOSPITAL REGIONAL DE ILHA SOLTEIRA;2078511
2078562 HOSPITAL GERAL DE ITAQUAQUECETUBA;2078562
2078775 SANTA CASA DE ARACATUBA HOSPITAL SAGRADO C;2078775
2078813 HOSPITAL OFTALMOLOGICO DE SOROCABA;2078813
2078848 SANTA CASA ANNA CINTRA;2078848
2079135 SANTA CASA DE MISERICORDIA DE TATUI;2079135
2079186 HOSP MUN MAT ESC DR MARIO DE MORAES A SILV;2079186
2079232 HOSPITAL SANTA BARBARA;2079232
2079240 HOSPITAL GERAL JESUS TEIXEIRA DA COSTA GUA;2079240
2079321 HOSPITAL GPACI SOROCABA;2079321
2079348 SANTA CASA DE IGARAPAVA;2079348
2079410 COMPLEXO HOSPITALAR PADRE BENTO DE GUARULH;2079410
2079429 SANTA CASA SALTO DE PIRAPORA;2079429
2079437 HOSPITAL BENEFICENTE DE MARACAI;2079437
2079518 SANTA CASA DE MIS E MATERNIDADE N SRA DA C;2079518
2079704 HOSPITAL DR RENATO SILVA DE SOCORRO;2079704
2079720 HOSPITAL GUILHERME ALVARO SANTOS;2079720
2079798 HOSPITAL DAS CLINICAS DA UNICAMP DE CAMPIN;2079798
2079828 HOSPITAL GERAL PIRAJUSSARA TABOAO DA SERRA;2079828
2079836 SANTA CASA DE MISERICORDIA ITAPOLIS;2079836
2079860 SANTA CASA DE SUZANO;2079860
2079895 SANTA CASA DE MISERICORDIA DE JALES;2079895
2079917 SANTA CASA DE LOUVEIRA;2079917
2079925 SANTA CASA DE PORTO FELIZ;2079925
2079976 SANTA CASA DE LARANJAL PAULISTA;2079976
2080044 SANTA CASA DE SAO JOAQUIM DA BARRA;2080044
2080052 HOSPITAL NOSSA SENHORA APARECIDA;2080052
2080087 SANTA CASA DE MISERICORDIA DE TIETE;2080087
2080125 INST DO CANCER ARNALDO VIEIRA DE CARVALHO;2080125
2080222 SANTA CASA DE CACONDE;2080222
2080273 HOSPITAL ESTADUAL MARIO COVAS DE SANTO AND;2080273
2080338 HOSPITAL GERAL DE GUARULHOS PROF DR WALDEM;2080338
2080346 HOSP MUN DR CARMINO CARICCHIO;2080346
2080354 HOSPITAL SANTO ANTONIO SANTOS;2080354
2080400 HOSPITAL IMACULADA CONCEICAO RIBEIRAO PRET;2080400
2080427 HOSPITAL MUNICIPAL DA CRIANCA E DO ADOLESC;2080427
2080532 SANTA CASA HOSP DR ARISTOTELES OLIVEIRA MA;2080532
2080575 HOSPITAL BP;2080575
2080583 HOSP MUN TIDE SETUBAL;2080583
2080621 SANTA CASA POMPEIA;2080621
2080664 SANTA CASA DE TUPA;2080664
2080672 HOSPITAL SAO FRANCISCO TUPA;2080672
2080680 HOSPITAL DAS CLINICAS LUZIA DE PINHO MELO;2080680
2080745 SANTA CASA DE SANTA CRUZ DAS PALMEIRAS;2080745
2080788 HOSP MUN V NHOCUNE ALEXANDRE ZAIO;2080788
2080842 SANTA CASA DE MISERICORDIA DE CANDIDO MOTA;2080842
2080923 HOSPITAL SAO VICENTE;2080923
2080931 SANTA CASA DE SAO CARLOS;2080931
2080958 SANTA CASA DE MISERICORDIA DE PALMITAL;2080958
2080966 SANTA CASA DE ESTRELA DOESTE;2080966
2081059 HOSPITAL MUNICIPAL DE PAULINIA;2081059
2081083 SANTA CASA DE ASSIS;2081083
2081091 HOSPITAL MUNICIPAL DE ITAPIRA;2081091
2081105 SANTA CASA DE VALPARAISO;2081105
2081164 HOSPITAL SANTA LYDIA RIBEIRAO PRETO;2081164
2081253 HOSPITAL SAO LUIZ DE ARARAS;2081253
2081261 HOSPITAL SAO LUIZ;2081261
2081350 HOSPITAL DE PIRAJU;2081350
2081377 SANTA CASA DE VOTUPORANGA;2081377
2081385 SANTA CASA DE TUPI PAULISTA;2081385
2081458 SANTA CASA DE LIMEIRA;2081458
2081482 BOLDRINI CAMPINAS;2081482
2081490 HOSPITAL MUNICIPAL DR MARIO GATTI CAMPINAS;2081490
2081512 SANTA CASA DE MISERICORDIA DE GUARATINGUET;2081512
2081555 SANTA CASA DE MISERICORDIA DE ITARARE;2081555
2081644 HOSPITAL FREI GALVAO;2081644
2081695 CONJUNTO HOSPITALAR SOROCABA;2081695
2081717 SANTA CASA DESCALVADO;2081717
2081768 SANTA CASA DE AURIFLAMA;2081768
2081814 SANTA CASA DE GUARARAPES;2081814
2081873 HOSPITAL E MATERNIDADE DE RANCHARIA;2081873
2081903 HOSPITAL DE CARIDADE DE VARGEM GRANDE DO S;2081903
2081970 HOSP MUN JABAQUARA ARTUR RIBEIRO DE SABOYA;2081970
2081989 HOSPITAL SAO SEBASTIAO DE BORBOREMA;2081989
2082128 HOSPITAL E MATERNIDADE CELSO PIERRO;2082128
2082187 HOSPITAL DAS CLINICAS FAEPA RIBEIRAO PRETO;2082187
2082195 BENEFICENCIA PORTUGUESA DE AMPARO;2082195
2082209 PS E MATERNIDADE NAIR FONSECA LEITAO ARANT;2082209
2082225 HOSPITAL KATIA DE SOUZA RODRIGUES TAIPAS S;2082225
2082284 SANTA CASA DE GRAMA;2082284
2082306 SANTA CASA DE CASA BRANCA;2082306
2082322 HOSPITAL DONA BALBINA;2082322
2082381 HOSPITAL MUNICIPAL DE BEBEDOURO JULIA PINT;2082381
2082519 SANTA CASA DE PARAGUACU PAULISTA;2082519
2082527 SANTA CASA DE ARARAQUARA;2082527
2082594 COMPLEXO HOSPITALAR MUNICIPAL;2082594
2082632 HOSPITAL E MATERNIDADE SAO JOSE BARRA BONI;2082632
2082640 SANTA CASA DE CARIDADE E MATERNIDADE IBITI;2082640
2082659 SANTA CASA DE NOVA GRANADA;2082659
2082667 SANTA CASA DE MONTE APRAZIVEL;2082667
2082691 SANTA CASA DE ANDRADINA;2082691
2082721 HOSPITAL E MATERNIDADE SOTERO DE SOUZA;2082721
2082756 SANTA CASA DE SALTO GRANDE;2082756
2082810 CONDERG HOSPITAL REGIONAL DE DIVINOLANDIA;2082810
2082845 SANTA CASA DE OLIMPIA;2082845
2082853 HOSPITAL MAJOR ANTONIO CANDIDO BATATAIS;2082853
2082861 HOSP MUNICIPAL DE URGENCIAS HMU;2082861
2082888 SANTA CASA DE RIO CLARO;2082888
2082926 CASA DE SAUDE STELLA MARIS;2082926
2083027 SANTA CASA DE MISERICORDIA DE PEREIRA BARR;2083027
2083051 SANTA CASA DE APARECIDA;2083051
2083086 HOSPITAL AMARAL CARVALHO JAU;2083086
2083094 HOSPITAL REGIONAL DE ASSIS;2083094
2083116 SANTA CASA DE MARILIA;2083116
2083140 IRMANDADE DA SANTA CASA DE MISERICORDIA DE;2083140
2083175 SANTA CASA PIEDADE;2083175
2083493 SANTA CASA DE PONTAL;2083493
2083590 OM ANALISES CLINICAS SC LTDA;2083590
2083604 SANTA CASA DE AVARE;2083604
2083973 SANTA CASA DE GUARA;2083973
2083981 HOSPITAL ESTADUAL SUMARE;2083981
2084058 SANTA CASA MISER STACRUZ RIO PARDO;2084058
2084163 HOSPITAL ESTADUAL DE DIADEMA HOSPITAL SERR;2084163
2084171 HOSPITAL E MATERNIDADE SAO JOSE;2084171
2084228 SANTA CASA DE MISERICORDIA DONA CAROLINA M;2084228
2084252 SOBRAPAR CAMPINAS;2084252
2084414 SANTA CASA DE RIBEIRAO PRETO;2084414
2084422 SANTA CASA DE SAO PEDRO;2084422
2084430 HOSPITAL E MATERNIDADE MADRE VANNINI CONCH;2084430
2084473 HOSP MUN DR IGNACIO PROENCA DE GOUVEA;2084473
2085062 LABORATORIO MUNICIPAL DE ANALISES CLINICAS;2085062
2085194 HOSPITAL SAO FRANCISCO DE ASSIS;2085194
2086336 HOSPITAL E MATERNIDADE MAIRIPORA;2086336
2087057 HOSPITAL DOS FORNECEDORES DE CANA DE PIRAC;2087057
2087103 SOCIEDADE OPERARIA HUMANITARIA LIMEIRA;2087103
2087111 IRMANDADE DA SANTA CASA DE MISERICORDIA LO;2087111
2087219 HOSPITAL DE CLINICAS CAMPO LIMPO PAULISTA;2087219
2087618 HOSPITAL MUNICIPAL DE VOTORANTIM;2087618
2087715 HOSPITAL E MATERNIDADE MUNICIPAL GOVERNADO;2087715
2087804 HOSPITAL REGIONAL JORGE ROSSMANN DE ITANHA;2087804
2087928 LABORATORIO MUNICIPAL DE ANALISES CLINICAS;2087928
2088193 IRMANDADE DA STA CASA DE MISERICORD DE MOG;2088193
2088487 SANTA CASA DE NOVO HORIZONTE;2088487
2088495 INSTITUTO DANTE PAZZANESE DE CARDIOLOGIA I;2088495
2088576 HOSPITAL DE TRANSP DO EST DE SP EURYCLIDES;2088576
2089327 HOSPITAL PADRE ALBINO CATANDUVA;2089327
2089335 HOSP ESCOLA EMILIO CARLOS CATANDUVA;2089335
2089548 SANTA CASA DE PITANGUEIRAS;2089548
2089696 HOSPITAL GRAACC INSTITUTO DE ONCOLOGIA PED;2089696
2089785 HOSPITAL DO RIM E HIPERTENSAO;2089785
2090236 FUNDACAO PIO XII BARRETOS;2090236
2090333 SANTA CASA DE CERQUEIRA CESAR;2090333
2090961 HOSPITAL CARLOS FERNANDO MALZONI MATAO;2090961
2091267 SANTA CASA SANTA RITA DO PASSA QUATRO;2091267
2091364 INSTITUTO ADOLFO LUTZ SAO PAULO;2091364
2091542 AME AMBULATORIO MEDICO DE ESPECIALIDADES M;2091542
2091585 HOSPITAL ESTADUAL DE SAPOPEMBA SAO PAULO;2091585
2091755 HOSPITAL GERAL DE VILA PENTEADO DR JOSE PA;2091755
2092220 SOBECCAN RIBEIRAO PRETO;2092220
2092298 SANTA CASA DE ITU;2092298
2092395 HOSPITAL MUNICIPAL IBATE;2092395
2092611 SANTA CASA DE BARRETOS;2092611
2092980 HOSPITAL DE BASTOS;2092980
2093324 SANTA CASA DE FERNANDOPOLIS;2093324
2093332 SANTA CASA DE SANTA FE DO SUL;2093332
2093502 HOSPITAL SAO DOMINGOS NA PROV DE DEUS NHAN;2093502
2094215 INST DE PAT E CITOL PROF DR PAULO F L BECK;2094215
2096412 SANTA CASA DE MISERICORDIA DE JACAREI;2096412
2096463 SANTA CASA DE MOGI GUACU;2096463
2096498 HOSPITAL MUNICIPAL DR TABAJARA RAMOS;2096498
2096617 HOSPITAL ASSISTENCIAL MARIA CAVALOTTI NEVE;2096617
2097877 IRMANDADE DA SANTA CASA DE MISERICORDIA DE;2097877
2098016 PREVENT;2098016
2098326 HOSPITAL E MATERNIDADE SAO JOSE;2098326
2098369 HOSPITAL SANTO ANTONIO;2098369
2098407 HOSPITAL MUNICIPAL SANTANA DE CARANDAI;2098407
2098474 HOSPITAL POLICLINICA E MATERNIDADE DE BARB;2098474
2098504 CENTRO ACADEMICO MULTIPROF AGOSTINHO PAOLU;2098504
2098539 HOSPITAL MUNICIPAL FREI GABRIEL;2098539
2098911 IRMANDADE DA SANTA CASA DE MISERICORDIA DE;2098911
2098938 HOSPITAL IBIAPABA CEBAMS;2098938
2099152 CENTRO REF E ESPECIALIDADES DR ANTONIO J D;2099152
2099438 HOSPITAL SAO JOAO BATISTA;2099438
2099446 POLICLINICA DE VICOSA;2099446
2099454 HOSPITAL SAO SEBASTIAO;2099454
2099497 CISAMAPI;2099497
2100363 HOSPITAL NOSSA SENHORA DA CONCEICAO RIO CA;2100363
2105578 CENTRO DE ESPEC MEDICAS E ODONTO DR OVIDIO;2105578
2105780 HOSPITAL MANOEL GONCALVES;2105780
2109034 SANTA CASA DE MISERECORDIA DE SACRAMENTO;2109034
2109867 HOSPITAL MUNICIPAL MONSENHOR FLAVIO DAMATO;2109867
2110075 CLINICA MEMORIAL LTDA;2110075
2111152 INSTITUTO DE PATOLOGIA ALVARENGA;2111152
2111640 HOSPITAL NOSSA SENHORA DAS DORES;2111640
2111659 SANTA CASA DE MISERICORDIA DE LAVRAS;2111659
2112175 HOSPITAL VAZ MONTEIRO;2112175
2114763 HOSPITAL PADRE JULIO MARIA;2114763
2115662 SABARA HOSPITAL CRISTIANO MACHADO;2115662
2117037 NOVA LIMA HOSPITAL NOSSA SENHORA DE LOURDE;2117037
2118629 HOSPITAL SAO VICENTE DE PAULO;2118629
2118661 HOSPITAL BOM SAMARITANO;2118661
2118866 CENTRO MEDICO ANATOMIA PATOLOGICA E CITOLO;2118866
2119382 BIOCELULA;2119382
2119420 HOSPITAL MUNICIPAL SENHORA SANTANA;2119420
2119528 HOSPITAL DR MOISES MAGALHAES FREIRE;2119528
2120542 LAGOA SANTA HOSPITAL LINDOURO AVELAR;2120542
2122650 CASA DE CARIDADE LEOPOLDINENSE;2122650
2122677 HOSPITAL SAO SALVADOR;2122677
2126494 HOSPITAL PUBLICO REGIONAL PREFEITO OSVALDO;2126494
2126508 MATERNIDADE P MUNICIPAL HAYDE ESPEJO CONRO;2126508
2126796 HOSPITAL SAO VICENTE DE PAULO DE ABAETE;2126796
2127687 SANTA CASA DE MISERICORDIA DE ITAJUBA;2127687
2127989 HOSPITAL DAS CLIN SAMUEL LIBANIO POUSO ALE;2127989
2129469 SANTA CASA DE POCOS DE CALDAS;2129469
2129566 HOSPITAL SANTA LUCIA HOSPITAL DO CORACAO;2129566
2132877 HOSPITAL SAO CARLOS;2132877
2134276 HOSPITAL SAO VICENTE DE PAULO ARACUAI;2134276
2135132 SANTA CASA DE CARIDADE;2135132
2136945 HOSPITAL QUELUZ;2136945
2138875 SANTA CASA MISERICORDIA BARBACENA;2138875
2139200 SANTA CASA DE MISERICORDIA DO HOSP SAO FRA;2139200
2140217 HOSPITAL E MATERNIDADE VITAL BRAZIL;2140217
2142376 HOSPITAL SAO LUIZ DE FORMIGA;2142376
2142384 CENTRO MUNICIPAL DE ATENCAO A SAUDE DE FOR;2142384
2143674 HOSPITAL PROFESSOR BASILIO MOEMA;2143674
2143801 HOSPITAL SAO JOSE DE NOVA SERRANA;2143801
2143895 SANTA CASA DE ITAPECERICA;2143895
2144026 SANTA CASA DE MISERICORDIA DE SANTO ANTONI;2144026
2144166 HOSPITAL SENHORA APARECIDA DE LUZ;2144166
2144204 SANTA CASA DE MISERICORDIA CLAUDIO;2144204
2144298 HOSPITAL SAO JUDAS TADEU DE OLIVEIRA;2144298
2144530 HOSPITAL REGIONAL IMACULADA CONCEICAO;2144530
2145685 HOSPITAL E MATERNIDADE RENASCER;2145685
2145960 SANTA CASA DE MISERICORDIA DE ARAGUARI;2145960
2146339 AMBULATORIO AMELIO MARQUES;2146339
2146355 HOSPITAL DE CLINICAS DE UBERLANDIA;2146355
2146495 SANTA CASA DE MISERICORDIA DE MONTE SANTO;2146495
2146525 SANTA CASA DE PARAISO;2146525
2148293 HOSPITAL IMACULADA CONCEICAO;2148293
2149419 HOSPITAL SAO VICENTE DE PAULO RIO POMBA;2149419
2149990 HOSPITAL SANTA CASA DE MONTES CLAROS;2149990
2150581 INSTITUTO DE ANATOMIA PATOLOGICA E CITOPAT;2150581
2152118 CHECK UP LABORATORIO DE ANALISES CLINICAS;2152118
2152967 UAI TIBERY ANICE DIB JATENE;2152967
2153025 HOSPITAL MARIA JOSE BAETA REIS ASCOMCER;2153025
2153084 HOSPITAL E MATERNIDADE THEREZINHA DE JESUS;2153084
2153106 INSTITUTO ONCOLOGICO;2153106
2153114 IBG SAUDE;2153114
2153874 CITO SERVICO MEDICO ESPECIALIZADO;2153874
2153882 SANTA CASA DE MISERICORDIA DE JUIZ DE FORA;2153882
2154560 HOSPITAL E MATERNIDADE DR EUGENIO GOMES DE;2154560
2154633 LABORATORIO LUX VITAE LTDA;2154633
2157063 HOSPITAL WANDA ANDRADE DRUMMOND;2157063
2159252 HOSPITAL SAO JOAO DE DEUS;2159252
2161354 SANTA CASA DA MISERICORDIA DE SAO JOAO DEL;2161354
2163829 OURO PRETO SANTA CASA DE OURO PRETO;2163829
2164280 HOSPITAL MUNICIPAL MADALENA P CALIXTO;2164280
2164299 HOSPITAL DE SAO JOAO DE DEUS;2164299
2164620 SANTA SANTA CASA DE MISERICORDIA;2164620
2165058 HOSPITAL DOUTOR HELIO ANGOTTI;2165058
2168154 BIOCELL MEDICOS ASSOCIADOS LTDA;2168154
2168553 HOSPITAL SAO SEBASTIAO DE RAUL SOARES;2168553
2168707 HOSP SANTA CASA DE BOM DESPACHO;2168707
2171554 CELULA LABORATORIO DE ANATOMIA PATOLOGICA;2171554
2171945 SANTA CASA DE ALFENAS;2171945
2171988 HOSPITAL UNIVERSITARIO ALZIRA VELANO;2171988
2172259 HOSPITAL BOM JESUS;2172259
2172364 CENTRO DE ESPECIALIDADES MEDICAS CEM;2172364
2173115 UNICENTRO;2173115
2173166 HOSPITAL CESAR LEITE;2173166
2173565 HOSPITAL NOSSA SENHORA DAS MERCES;2173565
2178559 HOSPITAL SANTO ANTONIO;2178559
2178591 SANTA CASA DE MISERICORDIA DE POMPEU;2178591
2181770 HOSPITAL EDUARDO DE MENEZES;2181770
2184834 HOSPITAL BOM SAMARITANO;2184834
2185520 POLICLINICA MUNICIPAL DE FRANCISCO SA;2185520
2186969 CITODIAGNOSTICO;2186969
2189941 CENTRO DE ATENCAO ESPECIALIZADA IRIA DINIZ;2189941
2191164 CMI JUVENTINA PAULA DE JESUS COMPLEXO HOSP;2191164
2192896 HOSPITAL METROPOLITANO ODILON BEHRENS HOB;2192896
2193310 HOSPITAL MUNICIPAL ELIANE MARTINS;2193310
2195437 HOSPITAL SANTA ISABEL;2195437
2195453 HOSPITAL DO CANCER DE MURIAE;2195453
2195585 CLINICAS INTEGRADAS HOSPITAL UNIVERSITARIO;2195585
2196972 HOSPITAL SAO LUCAS;2196972
2196980 LABORATORIO CEPAC;2196980
2199602 LAPACI LAB ANATOMIA PATOLOGICA E CITOPATOL;2199602
2200260 CENTRO ESTADUAL DE ATENCAO ESPECIALIZADO;2200260
2200422 HOSPITAL MADRE TERESA;2200422
2200457 ASSOCIACAO MARIO PENNA;2200457
2200473 HOSPITAL MUNICIPAL DE CONTAGEM COMPLEXO HO;2200473
2205440 HOSPITAL MARCIO CUNHA;2205440
2205939 FUNDAJAN;2205939
2206064 HOSPITAL NOSSA SENHORA DA CONCEICAO;2206064
2206382 HOSPITAL ARNALDO GAVAZZA FILHO;2206382
2206528 HOSPITAL NOSSA SENHORA DAS GRACAS;2206528
2206595 HOSPITAL DE CLINICAS DA UFTM;2206595
2207664 HOSPITAL RAIMUNDO CAMPOS;2207664
2208156 HPS DR MOZART GERALDO TEIXEIRA;2208156
2208172 HOSPITAL SANTA ROSALIA;2208172
2208857 AISI HOSPITAL DE CLINICAS DE ITAJUBA;2208857
2209012 SIAP;2209012
2209195 HOSPITAL SANTA CASA DE PATROCINIO;2209195
2210924 HOSPITAL PHILADELFIA;2210924
2211254 HOSPITAL MUNICIPAL DR RAIMUNDO GOBIRA;2211254
2213982 ITABIRITO HOSPITAL SAO VICENTE DE PAULO;2213982
2215586 HOSPITAL NOSSA SENHORA DAS DORES;2215586
2218690 FSFX O S S HOSPITAL MUNICIPAL CARLOS CHAGA;2218690
2218798 HOSPITAL UNIVERSITARIO DA UFJF;2218798
2219263 INSTITUTO DE PATOLOGIA DO NORTE DE MINAS L;2219263
2219638 HOSPITAL AROLDO TOURINHO;2219638
2219646 HOSPITAL DILSON GODINHO;2219646
2219654 HOSPITAL UNIVERSITARIO CLEMENTE DE FARIA;2219654
2220326 LABORATORIO INTERLAB LTDA;2220326
2221772 HSVP JUIZ DE FORA;2221772
2222043 HOSPITAL MUNICIPAL;2222043
2222140 LABORATORIO ALBERT SABIN;2222140
2223538 HOSPITAL GERAL;2223538
2223546 HOSPITAL POMPEIA;2223546
2223562 HOSPITAL VIRVI RAMOS;2223562
2225794 HISTOMED;2225794
2227665 HOSPITAL BOM PASTOR;2227665
2227908 HOSPITAL SAGRADA FAMILIA;2227908
2227932 HOSPITAL BOM JESUS;2227932
2228610 HOSPITAL PIO XII SEBERI;2228610
2228726 HOSPITAL CARIDADE TRES PASSOS;2228726
2229307 HISTOLAB;2229307
2232014 HOSPITAL NOSSA SENHORA DAS GRACAS;2232014
2232022 HOSPITAL CENTENARIO;2232022
2232030 FUNDACAO DE SAUDE PUBLICA SAO CAMILO DE ES;2232030
2232049 HOSPITAL DOM JOAO BECKER;2232049
2232057 HOSPITAL REGINA NOVO HAMBURGO;2232057
2232073 HOSPITAL DE CAMPO BOM DR LAURO REUS;2232073
2232146 FUNDACAO DE SAUDE PUBLICA DE NOVO HAMBURGO;2232146
2232154 HOSPITAL SAPIRANGA;2232154
2232189 HOSPITAL SAO JOSE IVOTI;2232189
2232928 HOSPITAL DE CARIDADE DE CANGUCU;2232928
2232995 SANTA CASA DO RIO GRANDE;2232995
2234416 HOSPITAL DE CARIDADE DR VICTOR LANG;2234416
2234432 HOSPITAL SANTA BARBARA;2234432
2235315 HOSPITAL SANTA RITA D JABOTICABA;2235315
2235404 HOSPITAL COMUNITARIO SARANDI;2235404
2235412 HOSPITAL DOS TRABALHADORES ATRA;2235412
2235447 HOSPITAL PADRE EUGENIO;2235447
2236362 HOSPITAL CANDELARIA;2236362
2236370 HOSPITAL SAO SEBASTIAO MARTIR;2236370
2237121 HOSPITAL SANATORIO PARTENON;2237121
2237253 IRMANDADE DA SANTA CASA DE MISERICORDIA DE;2237253
2237571 HOSPITAL NOSSA SENHORA DA CONCEICAO SA;2237571
2237601 HOSPITAL DE CLINICAS;2237601
2239302 MOREIRA JUNIOR LABORATORIO DE PAT E CIT EI;2239302
2239450 CPM CENTRO DE PATOLOGIA MEDICA;2239450
2239884 CENTRO CLINICO DA UNIVERSIDADE DE CAXIAS D;2239884
2240335 HOSPITAL SAO CARLOS;2240335
2241021 HOSPITAL TACCHINI;2241021
2241072 HOSPITAL SAO JOSE;2241072
2241137 HOSPITAL SAO ROQUE;2241137
2241145 HOSPITAL FATIMA;2241145
2241226 HOSPITAL BENEFICENTE SAO JOAO BOSCO;2241226
2244306 HOSPITAL UNIVERSITARIO SANTA MARIA;2244306
2244357 HOSPITAL DE CARIDADE DE SANTIAGO;2244357
2245213 INSTITUTO DE PATOLOGIA DE PASSO FUNDO E OU;2245213
2246740 HOSPITAL SANTO ANTONIO;2246740
2246767 HOSPITAL SAO JOAO SANANDUVA;2246767
2246783 HOSPITAL ROQUE GONZALES TAPERA;2246783
2246791 HOSPITAL SAO JOSE;2246791
2246813 HOSPITAL NOTRE DAME SAO SEBASTIAO;2246813
2246910 HOSPITAL ALTO JACUI NAO ME TOQUE;2246910
2246929 HOSPITAL DE CLINICAS DE PASSO FUNDO;2246929
2246961 HOSPITAL FREI CLEMENTE SOLEDADE;2246961
2246988 HOSPITAL SAO VICENTE DE PAULO;2246988
2246996 HOSPITAL MUNICIPAL PASSO FUNDO;2246996
2248190 SANTA CASA DE URUGUAIANA;2248190
2248204 SANTA CASA DE SAO GABRIEL;2248204
2248298 HOSPITAL IVAN GOULART;2248298
2249308 MEDICINA DIAGNOSTICA;2249308
2250675 HOSPITAL SANTO AFONSO;2250675
2252163 HOSPITAL BENEFICENTE SAO JOAO ARVOREZINHA;2252163
2252198 HOSPITAL SAO JOSE ARROIO DO MEIO;2252198
2252228 HOSPITAL SANTA TERESINHA ENCANTADO;2252228
2252244 HOSPITAL OURO BRANCO;2252244
2252260 HOSPITAL ESTRELA;2252260
2252287 HOSPITAL BRUNO BORN;2252287
2252295 SOCIEDADE PORTUGUESA DE BENEFICENCIA;2252295
2252694 HOSPITAL ESCOLA DA UFPEL;2252694
2253046 UCPEL HOSPITAL UNIVERSITARIO SAO FRANCISCO;2253046
2253054 SANTA CASA DE MISERICORDIA DE PELOTAS;2253054
2253658 AMBULATORIO DA FACULDADE DE ODONTOLOGIA UF;2253658
2254433 LABORATORIO DE PATOLOGIA NOROESTE LTDA;2254433
2254611 HOSPITAL VIDA SAUDE;2254611
2254964 HOSPITAL SANTA CRUZ;2254964
2255847 LABORATORIO DE PATOLOGIA ROCHA E GONZATTI;2255847
2255871 OBJETIVA;2255871
2255928 HOSPITAL MONTE ALVERNE;2255928
2255936 HOSPITAL ANA NERY;2255936
2257548 HOSPITAL NOSSA SENHORA APARECIDA DE CAMAQU;2257548
2257556 HOSPITAL MONTENEGRO;2257556
2257645 HOSPITAL SAO PEDRO;2257645
2259907 HOSPITAL SANTO ANGELO;2259907
2260050 HOSPITAL NOSSA SENHORA DO ROSARIO;2260050
2260069 HOSPITAL SAO JOSE;2260069
2261057 HOSPITAL DE CARIDADE DE IJUI;2261057
2261065 HOSPITAL BOM PASTOR;2261065
2261987 SANTA CASA DE CARIDADE DE BAGE;2261987
2262045 CENTRO DE ESPECIALIDADES MEDICAS CARAZINHO;2262045
2262274 HOSPITAL DE CARIDADE DE CARAZINHO;2262274
2262568 HOSPITAL SAO LUCAS DA PUCRS;2262568
2263858 HOSPITAL DE CARIDADE SAO VICENTE DE PAULO;2263858
2265052 HOSPITAL FEMINA;2265052
2266474 HOSPITAL DE CARIDADE E BENEFICENCIA;2266474
2266547 LABORATORIO DE PATOLOGIA CIRURGICA CITOPAT;2266547
2266733 HOSPITAL MUNICIPAL CONDE MODESTO LEAL;2266733
2267187 HOSPITAL FLAVIO LEAL;2267187
2268779 CENTRO DE TERAPIA ONCOLOGICA SC LTDA;2268779
2268892 LABORATORIO SAO JOAO BATISTA;2268892
2269341 SMS HOSPITAL MUNICIPAL JESUS AP 22;2269341
2269384 HOSPITAL FEDERAL DO ANDARAI;2269384
2269422 CLINICA DE RADIOTERAPIA OSOLANDO J MACHADO;2269422
2269457 CLINICA DE RADIOTERAPIA OSOLANDO J MACHADO;2269457
2269481 SMS HOSPITAL MUNICIPAL DA PIEDADE AP 32;2269481
2269783 UERJ HOSPITAL UNIV PEDRO ERNESTO;2269783
2269821 MS INCA II HOSPITAL DO CANCER II;2269821
2269880 MS HGB HOSPITAL GERAL DE BONSUCESSO;2269880
2269899 HOSPITAL MARIO KROEFF;2269899
2269953 SMS CMS SALLES NETTO AP 10;2269953
2269988 MS HSE HOSPITAL DOS SERVIDORES DO ESTADO;2269988
2270234 SESDEC HOSPITAL ESTADUAL GETULIO VARGAS;2270234
2272784 HOSPITAL MUNICIPAL RAUL SERTA;2272784
2273063 LABORATORIO DOM BOSCO;2273063
2273284 MS INCA SITEC SERV CITOPATOLOGIA;2273284
2273357 HOSPITAL ADVENTISTA SILVESTRE;2273357
2273454 MS INCA HOSPITAL DO CANCER I;2273454
2273462 MS INCA HOSPITAL DO CANCER III;2273462
2273659 MS HOSPITAL FEDERAL DA LAGOA;2273659
2273748 HUV HOSPITAL UNIVERSITARIO DE VASSOURAS;2273748
2275562 HOSPITAL ALCIDES CARNEIRO;2275562
2275635 HOSPITAL SANTA TERESA;2275635
2277409 CDL CENTRO DE DIAG LABORATORIO DE IMBARIE;2277409
2278286 HOSPITAL SANTA IZABEL;2278286
2278855 HOSPITAL SAO JOSE DO AVAI;2278855
2279282 LABORATORIO CIPA;2279282
2280051 SANTA CASA DE MISERICORDIA DE BARRA MANSA;2280051
2280132 MS INC INSTITUTO NACIONAL DE CARDIOLOGIA;2280132
2280167 HOSPITAL UNIVERSITARIO CLEMENTINO FRAGA FI;2280167
2280868 HOSPITAL E MATERNIDADE DE ANGRA DOS REIS H;2280868
2281201 LABORATORIO ANGRALAB;2281201
2281384 HOSPITAL DE PRAIA BRAVA;2281384
2281821 INSTITUTO ONCOLOGICO;2281821
2283328 HOSPITAL ARMANDO VIDAL;2283328
2287250 SOCIEDADE PORTUGUESA DE BENEFICENCIA DE CA;2287250
2287285 HOSPITAL DR BEDA;2287285
2287382 SANTA CASA DE MISERICORDIA DE CAMPOS;2287382
2287447 HOSPITAL ESCOLA ALVARO ALVIM;2287447
2287919 CASA DE CARIDADE SANTA RITA;2287919
2287927 HOSPITAL E MATERNIDADE MARIA DE NAZARE;2287927
2288109 HOSPITAL MUNICIPAL VICTOR DE SOUZA BREVES;2288109
2288338 INI FIOCRUZ;2288338
2288494 AMBULATORIO ESPECIALIZADO DA MULHER DRA ZI;2288494
2288885 SANTA CASA DE MISERICORDIA DE RESENDE;2288885
2288893 HOSPITAL MUNICIPAL HENRIQUE SERGIO GREGORI;2288893
2290227 HOSPITAL MUNICIPAL ADAO PEREIRA NUNES;2290227
2292386 HOSPITAL SAO JOSE;2292386
2292505 CENTRO DE PATOLOGIA DE TERESOPOLIS;2292505
2292629 LABORATORIO TINOCO;2292629
2292912 HOSPITAL ESCOLA LUIZ GIOSEFFI JANNUZZI;2292912
2294028 LABORATORIO ARARUAMA;2294028
2294923 HOSPITAL DE CLINICAS NOSSA SENHORA DA CONC;2294923
2295067 INSTITUTO ESTADUAL DE HEMATOLOGIA ARTHUR S;2295067
2295415 HOSPITAL UNIVERSITARIO GAFFREE E GUINLE;2295415
2295423 MS HOSPITAL FEDERAL CARDOSO FONTES;2295423
2296241 HOSPITAL REGIONAL DARCY VARGAS;2296241
2296306 SMS HOSPITAL MUNICIPAL SALGADO FILHO AP 32;2296306
2296616 UFRJ IPPMG INST DE PUER PED MARTAGAO GESTE;2296616
2297795 HOSPITAL DAS CLINICAS DE TERESOPOLIS;2297795
2298031 SES RJ HOSPITAL ESTADUAL ALBERTO TORRES GE;2298031
2299569 INSTITUTO MARIA SCHMITT;2299569
2300184 HOSPITAL SAO ROQUE DE LUZERNA;2300184
2301318 HOSPITAL MUNICIPAL DE TEIXEIRA DE FREITAS;2301318
2301830 HOSPITAL MAICE;2301830
2302101 HOSPITAL HELIO ANJOS ORTIZ;2302101
2302500 HOSPITAL SALVATORIANO DIVINO SALVADOR;2302500
2303175 CERES CENTRO DE REFERENCIA ESPECIALIZADA;2303175
2303892 HOSPITAL SAO FRANCISCO;2303892
2304155 HOSPITAL SAO ROQUE DE SEARA;2304155
2305534 HOSPITAL SAO JUDAS TADEU;2305534
2305623 HOSPITAL NOSSA SENHORA DE FATIMA;2305623
2306077 HE INSTITUTO DE PATOLOGIA LTDA;2306077
2306220 POLICLINICA DE ESPECIALIDADES DR JOAO BIRO;2306220
2306336 HOSPITAL SAO JOSE;2306336
2306344 HOSPITAL JARAGUA;2306344
2307006 SARAH SAO LUIS;2307006
2311682 HOSPITAL SANTA HELENA;2311682
2315793 HOSPITAL ESCOLA DA FAP;2315793
2319659 HOSPITAL GERAL DE RORAIMA HGR;2319659
2323397 MATERNIDADE DONA EVANGELINA ROSA;2323397
2323559 HOSPITAL SANTA CRUZ;2323559
2324288 HOSP LOCAL DE LUZILANDIA;2324288
2328798 HOSPITAL DAS CLINICAS DE ANANINDEUA;2328798
2332671 HOSPITAL D LUIZ I;2332671
2332736 LABORATORIO GUADALUPE;2332736
2332906 PATOLOGOS;2332906
2332981 HOSPITAL UNIVERSITARIO JOAO DE BARROS BARR;2332981
2333031 HOSPITAL DE CLINICAS GASPAR VIANA;2333031
2333139 RAINERO MAROJA P CL LTDA;2333139
2333163 LACEN UNIDADE DE REFERENCIA LABORATORIO CE;2333163
2333228 HOSPITAL SANTA CLARA;2333228
2334321 HOSPITAL OPHIR LOYOLA;2334321
2336545 CIPAC;2336545
2337525 IMEC;2337525
2337576 HOSPITAL SAO PIO X;2337576
2337835 LABORATORIO BIOCITO;2337835
2337908 LABORATORIO PREVENCAO;2337908
2337940 CENTRO DE ANATOMIA PATOLOGICA E CITOLOGIA;2337940
2338114 HOSPITAL SANTA LUCIA;2338114
2338270 LABORATORIO ALPHA;2338270
2338351 SANTA CASA DE MISERICORDIA DE GOIANIA;2338351
2338424 HOSPITAL DAS CLINICAS;2338424
2338629 FACULDADE DE ODONTOLOGIA;2338629
2338734 HOSPITAL ESTADUAL DR ALBERTO RASSI HGG;2338734
2339099 INGOH INSTITUTO GOIANO DE ONCOLOGIA E HEMA;2339099
2339110 GASTRO SALUSTIANO HOSPITAL;2339110
2339218 HOSPITAL SAO FRANCISCO;2339218
2339722 HOSPITAL DA CRIANCA;2339722
2340895 UNIDADE DE REFERENCIA ESPECIALIZADA EM SAU;2340895
2340992 HOSPITAL ORDEM TERCEIRA;2340992
2345897 LABORATORIO DE CITO E ANATOMOPATOLOGIA;2345897
2358670 LABORATORIO GARAVELO;2358670
2360640 LABOPACC;2360640
2361787 SANTA CASA DE MISERICORDIA DE ANAPOLIS;2361787
2362953 PATOLOGIA F DINIZ;2362953
2365146 HOSPITAL REGIONAL TIBERIO NUNES;2365146
2365154 SANTA CASA DE MISERICORDIA DE PHB;2365154
2370816 SOCIEDADE BENEFICENTE DONA ELMIRIA SILVERI;2370816
2371197 HOSPITAL MUNICIPAL DE IVINHEMA;2371197
2371243 FUNDACAO SERVICOS DE SAUDE DE NOVA ANDRADI;2371243
2371375 HOSPITAL EVANGELICO DR SRA GOLDSBY KING;2371375
2371634 FERNANDO NEGREIROS ANATOMIA PATOLOGICA;2371634
2371707 HOSPITAL WILSON ROSADO;2371707
2371782 SANTA CASA DE BATAGUASSU;2371782
2375850 SANTA CASA DE MISERICORDIA DE PARANAIBA;2375850
2376334 SANTA CASA DE CORUMBA;2376334
2376458 HOSPITAL SAO VICENTE DE PAULA;2376458
2376474 HOSPITAL JOAO BIGATON;2376474
2377829 HOSPITAL BOM JESUS;2377829
2379333 HOSPITAL SAO VICENTE DE PAULO;2379333
2379341 MATERNIDADE DONA CATARINA KUSS;2379341
2379384 LABORATORIO LUZ;2379384
2379767 FUNDACAO HOSPITALAR DR JOSE ATHANAZIO;2379767
2384299 COMPLEXO DO HOSPITAL DE CLINICAS DA UFPR H;2384299
2385171 HOSPITAL DE BASE LUIS EDUARDO MAGALHAES;2385171
2385880 HOSPITAL SAO CAMILO;2385880
2396106 HOSPITAL MUNICIPAL CORACAO DE JESUS;2396106
2396866 SANTA CASA DE RONDONOPOLIS;2396866
2397684 HOSPITAL E MATERNIDADE SAO JOAO BATISTA;2397684
2399180 LABORATORIO IVAN RODRIGUES;2399180
2399741 FUNDACAO NAPOLEAO LAUREANO;2399741
2399776 HOSPITAL SAO VICENTE DE PAULO;2399776
2400243 HOSPITAL UNIVERSITARIO LAURO WANDERLEY;2400243
2400324 HOSPITAL EDSON RAMALHO;2400324
2402076 HOSPITAL GERAL DE VITORIA DA CONQUISTA;2402076
2406217 LAPAC;2406217
2407205 SAMUR;2407205
2408295 LABORATORIO RUDOLF VIRCHOW;2408295
2408570 HOSPITAL DR JOSE PEDRO BEZERRA;2408570
2409011 DEPARTAMENTO DE ODONTOLOGIA;2409011
2409151 HOSPITAL INFANTIL VARELA SANTIAGO;2409151
2409194 HOSPITAL DR LUIZ ANTONIO;2409194
2409208 MATERNIDADE ESCOLA JANUARIO CICCO;2409208
2410265 CENTRO DE ONCOLOGIA E HEMATOLOGIA DE MOSSO;2410265
2410281 HOSPITAL MATERNIDADE ALMEIDA CASTRO;2410281
2411393 HOSPITAL REGIONAL SAO PAULO ASSEC;2411393
2415410 SERVICO INTEGRADO EM DIAGNOSE;2415410
2418304 HOSPITAL NOSSA SENHORA DA CONCEICAO;2418304
2418398 CENTRO DE SAUDE CENTRAL;2418398
2418665 HOSPITAL DE CAMETA;2418665
2418967 HOSPITAL MONSENHOR JOSE LOCKS DE SAO JOAO;2418967
2419378 HOSPITAL DE CARIDADE SAO ROQUE;2419378
2419653 HOSPITAL NOSSA SENHORA DA CONCEICAO HNSC;2419653
2420015 FUNDACAO SOCIAL HOSPITALAR DE ICARA;2420015
2423529 HOSPITAL REGIONAL AMPARO DE MARIA;2423529
2426579 HOSPITAL MUNICIPAL ESTEVAM PONTE;2426579
2427419 HOSPITAL REGIONAL DO AGRESTE DR WALDEMIRO;2427419
2427427 HOSPITAL BARAO DE LUCENA;2427427
2429004 APAMI DE VITORIA DE SANTO ANTAO;2429004
2430096 HISTOTEC PATOLOGIA;2430096
2430711 HOSPITAL DOM MALAN;2430711
2430843 IRWAM;2430843
2436450 HOSPITAL REGIONAL HANS DIETER SCHMIDT;2436450
2436469 HOSPITAL MUNICIPAL SAO JOSE;2436469
2436477 MATERNIDADE DARCY VARGAS;2436477
2439093 RBX PATOLOGIA DIAGNOSTICA;2439093
2439263 HNSG HOSPITAL PROVIDENCIA MATERNO INFANTIL;2439263
2439360 HNSG HOSPITAL DA PROVIDENCIA;2439360
2441675 MATERNIDADE DR ADALBERTO PEREIRA DA SILVA;2441675
2442019 HOSPITAL SAGRADO CORACAO DE JESUS NEROPOLI;2442019
2442108 HOSPITAL EVANGELICO GOIANO SA;2442108
2442116 HOSPITAL NOSSA SENHORA APARECIDA ANAPOLISG;2442116
2445794 CASA DA MULHER;2445794
2447886 CASA DE CARIDADE SAO JOSE;2447886
2448521 HOSPITAL SAO JOSE;2448521
2456443 CITOLAB LABORATORIO DE CITOPATOLOGIA E ANA;2456443
2459647 POLICLINICA DO DIAMANTE;2459647
2464594 HOSPITAL DE REF EST DE ALTA COMPLEXIDADE D;2464594
2465825 HOSPITAL GERAL DE LINHARES HGL;2465825
2465833 HOSPITAL RIO DOCE;2465833
2467909 LABORATORIO DA SEMUS;2467909
2470942 IAPCC;2470942
2476533 POLICLINICA MONSENHOR AUSONIO DE ARAUJO FI;2476533
2477661 HOSPITAL DR PEDRO GARCIA MORENO;2477661
2477955 HOSPITAL DA CRIANCA DR JOSE MACHADO DE SOU;2477955
2479958 HEMOCE CENTRO DE HEMATOLOGIA E HEMOTERAPIA;2479958
2481286 MATERNIDADE ESCOLA ASSIS CHATEAUBRIAND;2481286
2484226 US SAO MATEUS US3 CENTRO DE SAUDE;2484226
2484560 CENTRO DE SAUDE EUCLIDES PEREIRA DOS SANTO;2484560
2485680 SANTA CASA DE MISERICORDIA DE CACHOEIRO DE;2485680
2485931 LABORATORIO LABORTEL LTDA;2485931
2489074 MICRO;2489074
2490935 HOSPITAL FELIX DA COSTA GOMES;2490935
2491249 HOSPITAL SANTA CRUZ DE CANOINHAS;2491249
2491400 DIPREVER;2491400
2491710 HOSPITAL NOSSA SENHORA DA CONCEICAO;2491710
2492342 HOSPITAL SANTO ANTONIO GUARAMIRIM;2492342
2494167 HOSPITAL REGIONAL MATERNIDADE IRMA RITA DE;2494167
2494442 HOSPITAL EVANGELICO DE VILA VELHA;2494442
2497077 ARSS CRE FRANCISCO BELTRAO;2497077
2497654 HGF HOSPITAL GERAL DE FORTALEZA;2497654
2497751 SARAH SALVADOR;2497751
2499363 HGCC HOSPITAL GERAL DR CESAR CALS;2499363
2503824 HOSPITAL E MATERNIDADE ZACARIAS JUNIOR;2503824
2504316 HOSPITAL NOSSA SENHORA DOS PRAZERES;2504316
2504332 HOSPITAL E MATERNIDADE TEREZA RAMOS;2504332
2506815 HOSPITAL DE CANCER;2506815
2506858 HOSPITAL E MATERNIDADE DONA IRIS;2506858
2507110 CENTRO DE ANATOMIA PATOLOGICA E CITOLOGIA;2507110
2512882 SAIS SERVICO DE ATENDIMENTO INTEGRAL A SAU;2512882
2513838 HOSPITAL E MATERNIDADE RIO DO TESTO;2513838
2515377 INSTITUTO SAO PELLEGRINO;2515377
2517566 LABORATORIO SEKULA;2517566
2517906 PROMEDICO LABORATORIO CLINICO;2517906
2518880 LABORATORIO CITO CENTER;2518880
2519038 SALUTI DIAGNOSTICO MEDICO;2519038
2519119 LABORATORIO OSWALDO CRUZ;2519119
2519151 HOSPITAL SANTA CATARINA;2519151
2521296 HOSPITAL BETHESDA;2521296
2521377 CAPI CENTRO DE ANATOMIA PATOLOGICA E IMUNO;2521377
2521504 CEDAP;2521504
2521695 HOSPITAL RIO NEGRINHO;2521695
2521792 HOSPITAL E MATERNIDADE SAGRADA FAMILIA;2521792
2521873 HOSPITAL BEATRIZ RAMOS;2521873
2522209 HOSPITAL MISERICORDIA;2522209
2522411 HOSPITAL AZAMBUJA;2522411
2522691 HOSPITAL E MATERNIDADE MARIETA KONDER BORN;2522691
2525569 HOSPITAL MANOEL NOVAES;2525569
2525933 HOSPITAL DR HEITOR GUEDES DE MELLO;2525933
2528843 HOSPITAL DISTRITAL DR FERNANDES TAVORA;2528843
2531348 HOSPITAL SAO RAFAEL;2531348
2534444 HOSPITAL DE CANCER DE MATO GROSSO;2534444
2535246 PAPANICOLAU SAUDE LABORATORIO DE ANATOMIA;2535246
2535939 HOSPITAL SAO COTTOLENGO;2535939
2536366 CENTRO DE PREVENCAO PREVEN;2536366
2537192 HOSPITAL E MATERNIDADE OASE;2537192
2537788 HOSPITAL REGIONAL DO OESTE;2537788
2542986 INSTITUTO DE ANATOMIA PATOLOGICA E CITOLOG;2542986
2543044 HOSPITAL SAO BRAZ;2543044
2546612 SABIN MEDICINA DIAGNOSTICA;2546612
2546647 MARIO NETTO MEDICINA LABORATORIAL GURUPI;2546647
2546752 UNIDADE DE SAUDE HILTON LOPES VIEIRA;2546752
2547767 POLICLINICA MUNICIPAL BOLIVAR DE ABREU;2547767
2547821 HOSPITAL EVANGELICO DE CACHOEIRO DE ITAPEM;2547821
2550032 HOSPITAL E MATERNIDADE NOSSA SENHORA APARE;2550032
2550792 HOSPITAL EVANGELICO DE LONDRINA;2550792
2550911 LABORATORIO SAO LUCAS;2550911
2552086 HOSPITAL MATERNIDADE SAO VICENTE DE PAULO;2552086
2553155 HOSPITAL DA FUNDACAO;2553155
2555646 HOSPITAL REGIONAL DE SAO JOSE DRHOMERO MIR;2555646
2555840 FUNDACAO HOSPITALAR SANTA OTILIA;2555840
2557819 IPA;2557819
2558017 HOSPITAL DE CARIDADE S B J DOS PASSOS;2558017
2558246 HOSPITAL SANTA ISABEL;2558246
2558254 HOSPITAL SANTO ANTONIO;2558254
2558262 HOSPITAL MUNICIPAL FRANCISCA ORTEGA;2558262
2559404 LABORATORIO DIAGNOSE CUNHA LTDA EPP;2559404
2560747 INSTITUTO DE PATOLOGIA JOACABA;2560747
2560771 HOSPITAL UNIVERSITARIO SANTA TEREZINHA;2560771
2561379 IPC INSTITUTO DE PREVENCAO DO CANCER;2561379
2561492 HOSPITAL UNIVERSITARIO WALTER CANTIDIO;2561492
2563681 HIAS HOSPITAL INFANTIL ALBERT SABIN;2563681
2564211 HOSPITAL MATERNIDADE SAO VICENTE DE PAULO;2564211
2568349 HOSPITAL REGIONAL DE CARIDADE NOSSA SRA AP;2568349
2568373 ASSOCIACAO DE PROTECAO A MATERNIDADE E A I;2568373
2568713 HOSPITAL REGIONAL ALTO VALE;2568713
2569191 UNIDADE DE SAUDE ETHEVALDO FRANCISCO ROLDI;2569191
2571811 HOSPITAL NOSSA SENHORA APARECIDA;2571811
2573172 HOSPITAL DR AURELIO;2573172
2576198 IRMANDADE SANTA CASA DE ARAPONGAS;2576198
2576341 HONPAR HOSPITAL NORTE PARANAENSE;2576341
2577623 HCL HOSPITAL DO CANCER DE LONDRINA;2577623
2577682 MICROPAR;2577682
2577763 HOSPITAL DOUTOR EULALINO IGNACIO DE ANDRAD;2577763
2578247 LAB IMAGEM DIAGNOSTICO AVANCADO EM MEDICIN;2578247
2578476 CLINILAB;2578476
2580055 ISCAL;2580055
2582449 SANTA CASA DE CORNELIO PROCOPIO;2582449
2582716 HOSPITAL E MATERNIDADE NOSSA SENHORA DA LU;2582716
2584573 FUNDACAO HOSPITALAR DA FRONTEIRA PRANCHITA;2584573
2586142 HOSPITAL MEMORIAL UNINGA;2586142
2586169 HOSPITAL DO CANCER DE MARINGA;2586169
2586797 RADIOTERAPIA BOM SAMARITANO;2586797
2587335 HOSPITAL UNIVERSITARIO REGIONAL DE MARINGA;2587335
2587750 POSTO DE SAUDE CENTRAL DE IVAIPORA;2587750
2589265 HOSPITAL ESTADUAL DE ITUMBIARA SAO MARCOS;2589265
2589532 CLINICA SANTA MONICA;2589532
2589567 CENTRO DIAG E LAB CECILIA;2589567
2589605 HOSPITAL SAO SILVESTRE;2589605
2590182 INSTITUTO LUCENA SANCHEZ;2590182
2591049 HOSPITAL MINISTRO COSTA CAVALCANTI;2591049
2591111 INCELL;2591111
2592746 HOSPITAL E MATERNIDADE FLAVIO RIBEIRO COUT;2592746
2593262 HOSPITAL DE EMERGENCIA E TRAUMA SENADOR HU;2593262
2593912 HOSPITAL E MATERNIDADE CATARATAS;2593912
2594021 INSTITUTO INTERNACIONAL DE PATOLOGIA;2594021
2594277 HOSPITAL MATERNO INFANTIL SANTA CATARINA;2594277
2594366 INSTITUTO NOSSA SENHORA APARECIDA;2594366
2594439 PREVENCAO DIAGNOSE;2594439
2594714 SANTA CASA DE MARINGA HOSPITAL E MAT M AUX;2594714
2595125 INSTITUTO MEDICO NOSSA VIDA DE CORONEL VIV;2595125
2595265 ASSOCIACAO SAUDE DE MANGUEIRINHA;2595265
2598116 HISTOTEC;2598116
2600536 HOSPITAL REGIONAL DE ARAGUAINA;2600536
2601680 HOSPITAL DOM PEDRO DE ALCANTARA;2601680
2603012 HOSPITAL SANTA RITA DE CASSIA;2603012
2605473 COMPLEXO HOSPITALAR DEP JANDUHY CARNEIRO;2605473
2611686 HOSPITAL CURA DARS;2611686
2612615 UCD UNID CAMPINENSE DE DIAGNOSTICO LTDA;2612615
2615835 HOSPITAL ANITA GEROSA;2615835
2619717 HOSPITAL DA DIVINA PROVIDENCIA;2619717
2621614 HOSPITAL REGIONAL DE TUCURUI;2621614
2638932 HOSPITAL MUNICIPAL ANTONIO XAVIER SOBRINHO;2638932
2639009 CASA DE SAUDE PERPETUO SOCORRO;2639009
2639262 HOSPITAL E MATERNIDADE SANTA MARIA;2639262
2639637 DIAGNOSE;2639637
2639661 CITOPAR;2639661
2641208 LAPS;2641208
2642549 ESPACO VITALE VITALAB;2642549
2644975 HOSPITAL BATISTA MEMORIAL;2644975
2646536 HOSPITAL DE CANCER DO MARANHAO DR TARQUINI;2646536
2646773 HOSPITAL ADVENTISTA DE CAMPO GRANDE UNIDAD;2646773
2646943 HOSPITAL SORIANO CORREA DA SILVA;2646943
2647214 PATOGENE PATOLOGIA DIAGNOSTICA;2647214
2649527 HOSPITAL DE APOIO DE BRASILIA HAB;2649527
2651394 SANTA CASA DE MISERICORDIA DE FORTALEZA;2651394
2651505 HOSPITAL MUNICIPAL LOURIVAL NASCIMENTO DA;2651505
2651610 HOSPITAL REGIONAL DR JOSE DE SIMONE NETTO;2651610
2653982 HUOL HOSPITAL UNIVERSITARIO ONOFRE LOPES;2653982
2654245 LABORATORIO DE CITOPATOLOGIA;2654245
2655071 PAULO CESAR FIGUEIREDO ASSOCIADOS;2655071
2655411 HOSPITAL UNIVERSITARIO JULIO MULLER EBSERH;2655411
2655519 SANTA CASA DE MISERICORDIA DE CUIABA;2655519
2656930 HOSPITAL RIO GRANDE;2656930
2658372 INSTITUTO SANTE HOSPITAL DE DIONISIO CERQU;2658372
2659107 HOSPITAL GERAL;2659107
2659417 HOSPITAL DA CIDADE;2659417
2659603 HOSPITAL MUNICIPAL JOSE VALDIR ANTUNES DE;2659603
2662914 HOSPITAL SEARA DO BEM MATERNO E INFANTIL;2662914
2664747 DELL EUGENIO CLINICA E LABORATORIO;2664747
2664771 LABORATORIO SILVIO PINHEIRO DE LEMOS;2664771
2665735 LABORATORIO MUNICIPAL NAILDE DANTAS;2665735
2665778 HOSPITAL DO SERIDO;2665778
2665867 POLICLINICA MUNICIPAL DE BRACO DO NORTE;2665867
2665883 HOSPITAL SANTA TERESINHA;2665883
2666731 HOSPITAL SAO FRANCISCO;2666731
2672839 HOSPITAL DOM JOAQUIM IMAS;2672839
2673916 SARAH BRASILIA;2673916
2673932 CRER;2673932
2676060 HOSPITAL UNIVERSITARIO ALCIDES CARNEIROUFC;2676060
2679736 ASSOCIACAO BENEFICENTE SAO FRANCISCO DE AS;2679736
2680041 LABORATORIO DE ANATOMIA PATOLOGICA E CITOP;2680041
2686791 HOSPITAL DO CORACAO BOM JESUS;2686791
2686953 SANTA CASA DE MISERICORDIA DE PONTA GROSSA;2686953
2687127 HOSPITAL REGIONAL DO LITORAL;2687127
2688433 COMPLEXO HOSPITALAR SANTA CASA BRAGANCA PA;2688433
2688573 HOSPITAL GERAL DE VILA NOVA CACHOEIRINHA S;2688573
2688689 SANTA CASA DE SAO PAULO HOSPITAL CENTRAL S;2688689
2691469 HOSPITAL DE PENHA;2691469
2691485 HOSPITAL DE GASPAR;2691485
2691515 HOSPITAL REGIONAL DEPUTADO AFFONSO GHIZZO;2691515
2691523 HOSPITAL CIRURGICO CAMBORIU;2691523
2691558 HOSPITAL SAO MARCOS;2691558
2691868 HOSPITAL INFANTIL JOANA DE GUSMAO;2691868
2693801 ASSOCIACAO HOSPITALAR VILA NOVA;2693801
2694751 HOSPITAL UNIVERSITARIO BETTINA FERRO DE SO;2694751
2695324 HOSPITAL DA BALEIA;2695324
2697696 INSTITUTO MARANHENSE DE ONCOLOGIA ALDENORA;2697696
2698439 AMBESP NELSON TEIXEIRA;2698439
2699915 SANTA CASA DE VINHEDO;2699915
2701464 CIS AMOSC;2701464
2701626 MATER CLIN;2701626
2702193 SANTA CASA DE MISERICORDIA DE UBATUBA;2702193
2704900 HOSPITAL UNIVERSITARIO SAO FRANCISCO NA PR;2704900
2705222 SANTA CASA DE MOCOCA MOCOCA;2705222
2705737 HOSPITAL SAO VICENTE DE PAULO;2705737
2705982 SANTA CASA DE FRANCA;2705982
2706563 HCM;2706563
2707632 HOSPITAL MUNICIPAL GETULIO VARGAS;2707632
2707675 HOSPITAL UNIVERSITARIO DR MIGUEL RIET CORR;2707675
2707918 FUNDACAO HOSPITALAR SANTA TEREZINHA DE ERE;2707918
2707950 HOSPITAL BENEFICENTE NOSSA SENHORA DOS NAV;2707950
2707969 HOSPITAL BENEFICIENTE SANTA LUZIA;2707969
2708353 IFF FIOCRUZ;2708353
2708639 INSTITUTO DE PATOLOGIA DE SOROCABA;2708639
2708779 SANTA CASA DE SOROCABA;2708779
2709848 HOSPITAL MARGARIDA;2709848
2710935 EBSERH HOSPITAL UNIVERSITARIO GRANDE DOURA;2710935
2712105 LABORATORIO DA MULHER DRA MERCES PONTES CU;2712105
2716097 COMPLEXO HOSPITALAR IRMA DULCE O S S;2716097
2716275 HOSPITAL E MATERNIDADE MAE DO DIVINO AMOR;2716275
2716801 HOSPITAL DA CRIANCA GRENDACC;2716801
2722399 HOSPITAL MUNICIPAL NOSSA SENHORA DAS GRACA;2722399
2723158 CENTRO DE DERMATOLOGIA DONA LIBANIA CDERM;2723158
2723190 CRIO CENTRO REGIONAL INTEGRADO DE ONCOLOGI;2723190
2723220 HOSPITAL HAROLDO JUACABA;2723220
2726653 EBSERH HOSPITAL UNIVERSITARIO DA UFMA;2726653
2726971 HOSPITAL GETULIO VARGAS;2726971
2726998 ASSOCIACAO PIAUIENSE DE COMBATE AO CANCER;2726998
2727005 HOSPITAL SAO PAULO;2727005
2729385 HOSPITAL CRISTO REI;2729385
2730650 SANTA CASA DE CAMBE;2730650
2731967 CISCENOP;2731967
2733633 HOSPITAL E MATERNIDADE SANTA CASA DE UBIRA;2733633
2733676 HOSPITAL SAO PAULO;2733676
2735989 FUNDHOSPAR FUNDACAO HOSPITALAR DO PARANA;2735989
2736543 ANATOM;2736543
2737434 CEONC;2737434
2737469 CISOP;2737469
2738252 HOSPITAL DO CORACAO;2738252
2738279 HOSPITAL SANTA SIMONE;2738279
2738287 INSTITUTO SANTA PELIZZARI;2738287
2738309 HOSPITAL DE ENSINO SAO LUCAS;2738309
2738368 HOSPITAL UNIVERSITARIO DO OESTE DO PARANA;2738368
2738589 LABORATORIO APC CASCAVEL;2738589
2740338 HOSPITAL DO CANCER DE CASCAVEL UOPECCAN;2740338
2740435 IDF;2740435
2741687 CIS CENTRO OESTE;2741687
2741873 INSTITUTO SAO JOSE;2741873
2741989 HOSPITAL DE CARIDADE SAO VICENTE DE PAULO;2741989
2742047 INSTITUTO VIRMOND;2742047
2742071 CENTRO MEDICO HOSPITALAR SAO LUCAS;2742071
2742098 HOSPITAL SAO VICENTE DE PAULO;2742098
2743469 HOSPITAL E MATERNIDADE SANTA RITA;2743469
2744724 LABORATORIO SANTA ROSA;2744724
2744937 HOSPITAL INFANTIL PEQUENO ANJO;2744937
2744961 PHD PATOLOGIA HUMANA DIAGNOSTICA;2744961
2745402 SANTA CASA DE MISERICORDIA DE FLORIDA PAUL;2745402
2745798 HOSPITAL BENEFICENTE SANTO ANTONIO ORLANDI;2745798
2745801 HOSPITAL SAO MARCOS MORRO AGUDO;2745801
2748029 SANTA CASA DE MISERICORDIA DE SAO JOSE DOS;2748029
2748223 HOSPITAL DAS CLINICAS DA FACULDADE DE MEDI;2748223
2748568 SANTA CASA DE MISERICORDIA DE CAPIVARI;2748568
2749149 SANTA CASA DE MISERICORDIA DE TAMBAU;2749149
2749319 HOSPITAL MUNICIPAL UNIVERSITARIO DE TAUBAT;2749319
2750546 HOSPITAL ESTADUAL PORTO PRIMAVERA ROSANA;2750546
2750988 SANTA CASA DE DRACENA;2750988
2751003 SANTA CASA DE JUNQUEIROPOLIS;2751003
2751046 SANTA CASA DE SANTO ANASTACIO;2751046
2751569 SANTA CASA DE MISERICORDIA DE CERQUILHO;2751569
2751623 HOSPITAL FRANCISCO ROSAS;2751623
2751674 HOSPITAL E MATERNIDADE NOSSA SENHORA DAS G;2751674
2751704 SANTA CASA DE MISERICORDIA DE ITUVERAVA;2751704
2751852 HOSPITAL DIA VILA PRUDENTE;2751852
2752654 HOSPITAL VALE DO GUAPORE;2752654
2752700 SANTA CASA DE MISERICORDIA DO PARA;2752700
2752743 FGH;2752743
2752808 HOSPITAL EVANGELICO DE PERNAMBUCO;2752808
2753278 HOSPITAL E MATERNIDADE MUNICIPAL DE SAO JO;2753278
2753332 HOSPITAL MATERNIDADE ALTO MARACANA;2753332
2754738 SANTA CASA DE PARANAVAI;2754738
2754843 HOSPITAL SANTO AMARO;2754843
2755092 SANTA CASA DE PINDAMONHANGABA;2755092
2755130 HOSPITAL DOMINGOS LEONARDO CERAVOLO PRESID;2755130
2755165 HOSPITAL DOM ORIONE DE ARAGUAINA;2755165
2755742 LABORATORIO DR ELY CHAVES;2755742
2756307 LAGPAC LABORATORIO GOIANO DE PAT E CITOPAL;2756307
2756749 HOSPITAL MUNICIPAL SAO JUDAS TADEU;2756749
2756951 HOSPITAL NOSSA SENHORA AUXILIADORA;2756951
2757761 CENTRO ESPECIALIZADO DE DIAGNOSTICO DO CAN;2757761
2758164 HOSPITAL SAO JOSE;2758164
2758245 SANTA CASA DE LINS;2758245
2759306 POLICLINICA DE ARAGUARI;2759306
2759616 LACO;2759616
2760452 IPD J JANINI;2760452
2760584 LABORATORIO DO SUDOESTE MINEIRO LTDA;2760584
2760657 HOSPITAL SAO SEBASTIAO;2760657
2760703 HOSPITAL SAO VICENTE DE PAULO DE UBA;2760703
2761041 HOSPITAL REGIONAL DO SUL DE MINAS;2761041
2761092 HOSPITAL BOM PASTOR;2761092
2761238 HOSPITAL DIVINENSE;2761238
2764776 CASA DE CARIDADE DE CARANGOLA;2764776
2764792 CASA DE CARIDADE DE ITANHANDU;2764792
2764814 CASA DE CARIDADE DE SAO LOURENCO;2764814
2765640 HOSPITAL REGIONAL DE GUARAI;2765640
2765934 HOSPITAL DE CLINICAS DE SAO SEBASTIAO;2765934
2765942 HOSPITAL SANTA LUCINDA SOROCABA;2765942
2769646 LABORATORIO SANTA MARIA;2769646
2772280 HOSPITAL CALIXTO MIDLEJ FILHO;2772280
2772310 SANTA CASA DE PIRACICABA;2772310
2772566 ONCOMED RADIO;2772566
2775956 SANTA CASA DE ANDRADAS;2775956
2775999 IRMANDADE DA SANTA CASA DE MISERICORDIA DE;2775999
2776022 SANTA CASA DE MONTE ALEGRE DE MINAS;2776022
2777460 HOSPITAL SANTO AMARO;2777460
2777495 PATLAB;2777495
2778769 ANATOMIA PATOLOGICA LTDA;2778769
2778858 HOSPITAL SAO SEBASTIAO;2778858
2780143 CISNORPI;2780143
2781751 HOSPITAL JESUITAS;2781751
2781816 HOSPITAL NOSSA SENHORA DA SAUDE;2781816
2781859 HOSPITAL UNIVERSITARIO REGIONAL DO NORTE D;2781859
2783010 PATOLOGIA MEDICA DIAGNOSTICO PESQUISA E CO;2783010
2783789 SANTA CASA DE IRATI;2783789
2783800 SANTA CASA MISERICORDIA DE JACAREZINHO;2783800
2784602 HOSPITAL AUGUSTO DE OLIVEIRA CAMARGO;2784602
2785382 SANTA CASA DE PIRASSUNUNGA;2785382
2785676 CENTRO DE SAUDE E SERVICOS DE APOIO DIAGNO;2785676
2786109 HOSPITAL REGIONAL DE GURUPI;2786109
2786117 HOSPITAL GERAL DE PALMAS DR FRANCISCO AYRE;2786117
2786435 HCSVP HOSPITAL SAO VICENTE;2786435
2786451 LABORATORIO IPAT;2786451
2786680 HOSP MUN FERNANDO MAURO PIRES DA ROCHA;2786680
2789582 AMBULATORIO DE ESPECIALIDADE DA FUABC;2789582
2790521 FACULDADE DE ODONTOLOGIA DE BAURU;2790521
2790602 HOSPITAL ESTADUAL BAURU;2790602
2790734 INSTITUTO LAURO DE SOUZA LIMA BAURU;2790734
2791722 SANTA CASA DE JAU;2791722
2791730 SANTA CASA DE MISERICORDIA DE BOCAINA;2791730
2792141 HOSPITAL REGIONAL DE COTIA;2792141
2792176 HOSPITAL GERAL DE ITAPECERICA DA SERRA;2792176
2792974 HOSPITAL REGIONAL DO VALE DO RIO PARDO;2792974
2793237 ASSOCIACAO HOSPITALAR MANOEL FRANCISCO GUE;2793237
2795671 HOSPITAL SANTO ANTONIO;2795671
2795949 APP;2795949
2796384 HOSPITAL SAO VICENTE DE PAULA;2796384
2796430 SANTA CASA DE CARIDADE DE GUARANESIA;2796430
2796449 SANTA CASA DE MISERICORDIA DE GUAXUPE;2796449
2796562 HOSPITAL DE SANTOS DUMONT;2796562
2796775 SANTA CASA DE MISERICORDIA DE MAR DE ESPAN;2796775
2798298 SANTA CASA DE MISERICORDIA DE SAO JOSE DO;2798298
2799286 HOSPITAL MATERNIDADE LUIZ ARGOLO;2799286
2802090 HOSPITAL REGIONAL DEPUTADO LUIS EDUARDO MA;2802090
2802104 HOSPITAL SANTO ANTONIO;2802104
2802112 HOSPITAL SAO JOSE MATERNIDADE SANTA HELENA;2802112
2802783 HOSPITAL GETULIO VARGAS;2802783
2810123 HOSPITAL BENEFICENTE ASSISTEGUAIRA;2810123
2813793 INSTITUTO MOACYR JUNQUEIRA;2813793
2814439 LAPAT CUIABA;2814439
2815125 LABORATORIO DR FALCAO;2815125
2816210 HOSPITAL GOVERNADOR JOAO ALVES FILHO;2816210
2819228 INSTITUTO DE PATOLOGIA DE ILHEUS;2819228
2825325 COOCIPA;2825325
2825589 METROPOLITANA DE SARANDI;2825589
2831503 AME VALE DO JURUMIRIM;2831503
2916479 CITOLAB LABORATORIO DE CITOPATOLOGIA;2916479
2946548 LABORATORIO MUNICIPAL MONS AUSONIO ARAUJO;2946548
3001466 CENTRO HOSPITALAR DO SISTEMA PENITENCIARIO;3001466
3004295 CITODIAGNOSTICO;3004295
3004791 SARAH BELO HORIZONTE;3004791
3005011 NOROSPAR;3005011
3008371 AFIP FILIAL SANTOS;3008371
3008827 LAPAES;3008827
3012212 HU HOSPITAL UNIVERSITARIO;3012212
3019993 LABORATORIO NUCLEO;3019993
3021114 SANTA CASA DE MISERICORDIA DE SOBRAL;3021114
3021378 HOSPITAL DO VICENTINO;3021378
3023052 LAB RUDOLF VIRCHOW;3023052
3028399 HOSPITAL ESTADUAL PROF CARLOS DA SILVA LAC;3028399
3038653 LAMEPI;3038653
3049027 LABO CITO;3049027
3052850 PHD;3052850
3062503 SERVICO DE ANATOMIA PATOLOGICA E CITOPATOL;3062503
3075516 HOSPITAL SAO VICENTE;3075516
3087751 LABORATORIO MASTER;3087751
3117324 PATOLOGIA SOARES;3117324
3119327 UNIDADE RADIOLOGICA DR FABRICIO MALLOUK MO;3119327
3126838 HOSPITAL REGIONAL DO VALE DO PARAIBA;3126838
3137503 LAPAC LABORATORIO DE ANATOMIA PATOLOGICA E;3137503
3139050 HOSPITAL DR LEO ORSI BERNARDES ITAPETINING;3139050
3145425 ONCOMINAS ONCOLOGIA E RADIOTERAPIA POUSO A;3145425
3157245 HOSPITAL UNIV PROFESSOR POLYDORO ERNANI DE;3157245
3157369 LABORATORIO ITAPEMA FILIAL SAO SEBASTIAO;3157369
3162362 LAPAC LABORATORIO DE ANATOMIA;3162362
3163733 LABORATORIO ALVARENGA;3163733
3169987 PATHOLOGY DIGNOSTICOS EM MEDICINA LTDA;3169987
3200116 HISTOCITO;3200116
3212130 HOSP MUN VER JOSE STOROPOLLI;3212130
3252760 NAPS NUCLEO DE ATENCAO E PROMOCAO DA SAUDE;3252760
3277062 LABORATORIO BIO CHECK UP;3277062
3285391 HOSPITAL UNIVERSITARIO DA UNIVERSIDADE FED;3285391
3287009 LABORATORIO MEDICO DE PATOLOGIA E CITOLOGI;3287009
3293203 LABORATORIO SAO CAMILO;3293203
3314766 HOSPITAL ELECTRO BONINI RIBEIRAO PRETO;3314766
3316300 HOSPITAL REGIONAL DO NORTE PIONEIRO;3316300
3327655 CEPAMA;3327655
3329186 COBRA CENTRO ONCOLOGICO DO BRASIL DE ARAGU;3329186
3339238 IMED INSTITUTO DE MEDICINA DIAGNOSTICA TRE;3339238
3343456 FUGAST;3343456
3369293 HOSPITAL MEMORIAL ARCOVERDE LTDA;3369293
3389375 CEDAP CENTRO DIAGNOSTICO EM ANATOMIA PATOL;3389375
3400557 CLINICA SENSUMED;3400557
3409937 BIOCITO;3409937
3417573 CENTRO DE ESPECIALIDADES EM SAUDE;3417573
3448495 LABORATORIO DE ANALISES CLINICAS SAO SEBAS;3448495
3477371 CRI CLINICA DE RADIOTERAPIA INGA;3477371
3486737 LABORATORIO COSTA ROSA;3486737
3488322 OBJETIVA LABORATORIO DE PATOLOGIA LTDA;3488322
3488330 LABORATORIO DE PATOLOGIA ROCHA E GONZATTI;3488330
3498441 CISMEPI;3498441
3502651 RADICLIN CENTRO DE ONCOLOGIA;3502651
3508528 HOSPITAL UNIVERSITARIO DE CANOAS;3508528
3510247 CITOPAT PRESTADORA SERV MEDICO LAUDOS DE P;3510247
3513416 LABORATORIO EDELWEISS LTDA;3513416
3534979 DIAGNOSTICARE;3534979
3539865 INSTITUTO PASTORI DE LIMA;3539865
3563146 DIAC;3563146
3569543 HOSPITAL MUNICIPAL DE MIRANDA RENATO ALBUQ;3569543
3578003 CITOLOGIKA CENTRO DE DIAGNOSTICO NORTE MIN;3578003
3634949 CISGAP;3634949
3654826 HOSPITAL DE DOENCAS TROPICAIS DA UNIV FED;3654826
3668770 HOSPITAL MATERNO INFANTIL TIA DEDE;3668770
3675580 HOSPITAL DA LMECC;3675580
3755568 CENTRO INTEGRADO DE SAUDE DA MULHER CISM;3755568
3771016 DIAGNOSE;3771016
3774554 HOSPITAL E MATERNIDADE MUNICIPAL N S DO MO;3774554
3819590 HOSPITAL SAO PAULO;3819590
3820998 FALCAO MEDICINA LABORATORIAL;3820998
3823962 PHD PATOLOGIA HUMANA DIAGNOSTICA;3823962
3842576 CITODIAGNOSTICOS;3842576
3900940 LABORATORIO DE ANALISES CLINICAS E ANATOMO;3900940
3908194 UFRGS;3908194
3912272 CITOPREVE CONSULTORIA EM PATOLOGIA LTDA;3912272
3956369 MATERNIDADE PROFESSOR JOSE MARIA DE MAGALH;3956369
3971945 LABORATORIO DIAGNOSTIKA;3971945
3972925 HOSPITAL DO OESTE;3972925
3987884 HOSPITAL METROPOLITANO DE URGENCIA E EMERG;3987884
3988015 CIP CENTRO INTEGRADO DE PATOLOGIA;3988015
3995860 CIS AMERIOS;3995860
4001303 HOSPITAL DE BASE PORTO VELHO;4001303
4005775 HOSPITAL MARADEI;4005775
4009444 MAT DR MARQUES BASTO E HOSP INF DR MIROCLE;4009444
4028155 HOSPITAL REGIONAL DE JUAZEIRO;4028155
4028414 HOSPITAL E MATERNIDADE DR GILENO DE SA OLI;4028414
4034236 HOSPITAL UNIVERSITARIO CIENCIAS MEDICAS;4034236
4042085 CASA DE CARIDADE DE MURIAE HOSPITAL SAO PA;4042085
4044355 CEU CENTRO DE ESPECIALIDADES UNIFICADO;4044355
4044630 UNIDADE SANITARIA DE JOAO NEIVA;4044630
4044916 HOSPITAL UNIVERSITARIO CASSIANO ANTONIO MO;4044916
4048571 CIPAX MEDICINA E SAUDE LTDA;4048571
4049020 SANTA CASA DE OURINHOS;4049020
4051165 ASSOCIACAO HOSPITALAR BENEFICENTE MOACIR M;4051165
4054695 HOSPITAL MUNICIPAL PREFEITO QUINTO ABRAO D;4054695
4055748 HOSPITAL SAO RAFAEL;4055748
4056752 HOESP;4056752
4061314 LABORATORIO ANNALAB;4061314
4068823 HOSPITAL E MATERNIDADE DE RIO BRILHANTE;4068823
5029570 CITOMED LAB MEDICO ESP CITOLOGIA E ANAT PA;5029570
5061989 HOSPITAL MUNICIPAL PADRE GERMANO LAUCK;5061989
5094461 LABCEL;5094461
5133718 ERECHIM CENTRO DE PATOLOGIA MEDICA LTDA;5133718
5173701 NUCLEOLAB LABORATORIO DE PATOLOGIA;5173701
5194490 ANATOMICA;5194490
5195756 CIS NORDESTE SC;5195756
5200105 HOSPITAL MUNICIPAL PIMENTAS BONSUCESSO MAN;5200105
5205905 PREVENCAO E DIAGNOSE;5205905
5214815 HOSPITAL MEMORIAL RUBENS DUTRA SEGUNDO;5214815
5223962 INSTITUTO DE CARDIOLOGIA HOSPITAL VIAMAO;5223962
5232511 HOSPITAL PRO VIDA;5232511
5258138 EDELWEISS CLINICA DE DIAGNOSTICOS;5258138
5280230 CDM CENTRO DE DIAGNOSTICO MEDICO LTDA;5280230
5325838 CELULA LABORATORIO DE PATOLOGIA E CITOLOGI;5325838
5329922 CENTRO DE MEDICINA DIAGNOSTICA;5329922
5335426 CENTRO DE PATOLOGIA E MEDICINA LABORATORIA;5335426
5336163 CAD II CENTRO DE APOIO E DIAGNOSTICO SAO V;5336163
5366828 SANTA CASA DE ATIBAIA;5366828
5370205 LABORATORIO MULHER;5370205
5373190 CEONC;5373190
5412447 HOSPITAL PUBLICO MUNICIPAL DE MACAE HPM;5412447
5413451 CISI CONSORCIO INTERMUNICIPAL DE SAUDE IGU;5413451
5420938 HOSP MUN CARMEN PRUDENTE;5420938
5453577 LABORATORIO EXAME;5453577
5470080 APCI DIAGNOSTICO MEDICOS MOCOCA;5470080
5478898 SES RJ HOSPITAL ESTADUAL VEREADOR MELCHIAD;5478898
5479630 CISAMVI;5479630
5519608 CONSISA VRT;5519608
5522935 SERVICO DE ANATOMIA PATOLOGICA E IMUNOHIST;5522935
5585422 HOSPITAL REGIONAL DO BAIXO AMAZONAS DO PA;5585422
5595703 LABORATORIO LOGOS;5595703
5597501 HOSPITAL REGIONAL PUBLICO DA TRANSAMAZONIC;5597501
5599504 HOSPITAL REGIONAL DO SUDESTE DO PARA DR GE;5599504
5603145 HOSPITAL DO CENTRO;5603145
5610044 HOSPITAL DA VIDA;5610044
5610699 LABORATORIO SANTA HELENA LTDA;5610699
5618401 AME AMBULATORIO MEDICO DE ESPECIALIDADES D;5618401
5621801 SMS CSE LAPA AP 10;5621801
5662648 LABBOS;5662648
5664675 PHD;5664675
5699282 IBELAB;5699282
5699290 CAISM CENTRO DE ASSISTENCIA INTEGRADO DE S;5699290
5717515 HRSM;5717515
5718368 HOSP MUN M BOI MIRIM;5718368
5744148 EXAMINARE;5744148
5753058 LABORATORIO DE PATOLOGIA ROCHA E GONZATTI;5753058
5809460 LABORATORIO THIAGO HUGO;5809460
5828856 UNIDADE DE URGENCIA DE TERESINA PROF ZENON;5828856
5844843 FUNDACAO HOSPITALAR MUNICIPAL JOAO HENRIQU;5844843
5851009 ICAP;5851009
5860490 HOSPITAL UNIVERSITARIO DE MARILIA;5860490
5869412 CENTRO DE TRATAMENTO FABIANA MACEDO DE MOR;5869412
5887623 HOSPITAL ESTADUAL DE RIB PRETO DR CARLOS E;5887623
5893046 LABORATORIO NUCLEO;5893046
5908418 CENTRAL DE REGULACAO SAO JOSE;5908418
5914981 CEDIA CENTRO DE DIAGNOSTICODR JOSE ULISSES;5914981
5922216 HOSPITAL CASA DE SAUDE;5922216
5922402 UNIDADE DE ONCOLOGIA DO SERIDO;5922402
5925282 LAB PASTEUR UNIDADE DE COLETA JOACABA;5925282
5931622 CENTRO DE DIAGNOSTICO SANTA CLARA;5931622
5934869 CONSAUDE;5934869
5967945 AME AMBULATORIO MEDICO DE ESPECIALIDADES D;5967945
5973635 CENTRO DE ESPECIALIDADES MUNICIPAL;5973635
5995280 HOSPITAL MUNICIPAL DE ARAUCARIA;5995280
6014194 HOSPITAL SCHLATTER;6014194
6019641 LABORATORIO PREVENCAO E DIAGNOSE;6019641
6020917 HOSPITAL DA MULHER MARIA JOSE DOS SANTOS S;6020917
6048692 HOSPITAL INFANTIL DR JESER AMARANTE FARIA;6048692
6050786 LABORATORIO MUNICIPAL DE SAO JOSE;6050786
6053858 COMPLEXO HOSPITALAR PREFEITO EDIVALDO ORSI;6053858
6056148 AME AMBULATORIO MED DE ESPECIALIDADES DE S;6056148
6095666 HOSPITAL MUNICIPAL DE BARUERI DR FRANCISCO;6095666
6102174 CISTM;6102174
6123740 INSTITUTO DO CANCER DO ESTADO DE SAO PAULO;6123740
6123791 MEDICINA DIAGNOSTICA;6123791
6135749 HOSPITAL DIA MOOCA;6135749
6164366 HOSPITAL ESTADUAL AMERICO BRASILIENSE;6164366
6192513 CENTRO DE DIAGNOSTICO DE DOENCAS DA MAMA D;6192513
6199879 AME AMBULATORIO MEDICO DE ESPECIALIDADES C;6199879
6201059 HOSPITAL CASSEMS UNIDADE DOURADOS;6201059
6212581 AME AMBULATORIO MED DE ESPECIALIDADES STA;6212581
6220304 CLIMPAS SERTAOZINHO;6220304
6233848 AME AMBULATORIO MEDICO DE ESPECIALIDADES D;6233848
6236596 HOSPITAL ESTADUAL JOAO PAULO II SAO JOSE D;6236596
6239900 LABORATORIO CITOMED;6239900
6248624 LABORATORIO LABSUL;6248624
6250564 HOSPITAL MODELO DE ANANINDEUA;6250564
6269680 INSTITUTO DE ANATOMIA PATOLOGIA E CITOPATO;6269680
6273874 HOSPITAL DOM BOSCO RIO DOS CEDROS SC;6273874
6284930 LABORATORIO MUNICIPAL DE ANALISES CLINICAS;6284930
6287557 MR VENTURA MEDICINA DIAGNOSTICA;6287557
6289304 AME AMBULATORIO MEDICO DE ESPECIALIDADES B;6289304
6294049 AME AMBULATORIO MED ESPECIALIDADES SAO JOS;6294049
6295312 CENTRO DIAGNOSTICO DE BARCARENA;6295312
6303153 HOSPITAL NOSSA SENHORA DA GUIA;6303153
6340245 CENTRO DE DIAGNOSTICO DR ANDRE PONTES;6340245
6343279 CIS AMEOSC;6343279
6361994 SECRETARIA MUNICIPAL DE SAUDE DE FORQUILHI;6361994
6365213 AME AMBUL MED DE ESPECIALIDADES AVELINO FE;6365213
6389104 HOSPITAL DE SANTO ANTONIO DA PATRULHA;6389104
6423086 AME AMBULATORIO MEDICO DE ESPECIALIDADES J;6423086
6424341 HOSPITAL REGIONAL DO SUDOESTE WALTER ALBER;6424341
6426190 HOSPITAL REGIONAL DR ALVARO FONTOURA SILVA;6426190
6426204 HOSPITAL INFANTIL DOUTOR WALDEMAR MONASTIE;6426204
6427286 CONLAB;6427286
6431569 HOSPITAL MIGUEL ARRAES;6431569
6432530 AME AMBULATORIO MEDICO DE ESPEC DRA MARIA;6432530
6476058 AME DR ANTONIO CARLOS FONTOURA DA SILVA PR;6476058
6479146 AME AMBULATORIO MED DE ESPECIALIDADES DE R;6479146
6479200 AME DR LUIZ ROBERTO BARRADAS BARATA SAO PA;6479200
6497489 ONCORADIUM;6497489
6511333 CITOMED;6511333
6523536 AME AMBULATORIO MEDICO DE ESPECIALIDADES D;6523536
6534694 LABORATORIO CITO;6534694
6542638 HOSPITAL UNIVERSITARIO REGIONAL DOS CAMPOS;6542638
6546463 AME AMBULATORIO MED DE ESPEC VILOBALDO C T;6546463
6559379 HOSPITAL DOM HELDER CAMARA;6559379
6564801 LABORATORIO CARLOS CHAGAS;6564801
6568459 AME AMB MEDICO DE ESP ELIANA N Z M GIANTOM;6568459
6568971 AME ANDRADINA DR EDMON ALEXANDRE SALOMAO;6568971
6572367 AME ARACATUBA DR OSCAR GURJAO COTRIM;6572367
6583326 CENTRO DE TRATAMENTO DE CANCER DE DOURADOS;6583326
6599877 HOSPITAL REGIONAL DE CACOAL HRC;6599877
6601804 HOSPITAL E MATERNIDADE MUNICIPAL DR ODELMO;6601804
6602533 HOSPITAL ESTADUAL DA CRIANCA;6602533
6603432 AME AMB MEDICO DE ESP BENEDITO DARCADIA DE;6603432
6604862 AME ITAPEVA EDISON OLIVEIRA MARTHO;6604862
6607179 AME AMBULATORIO MEDICO DE ESPECIALIDADES A;6607179
6618561 CONSORCIO CISAMARP;6618561
6639658 AMBULATORIO MEDICO DE ESPECIALIDADE AME DE;6639658
6655416 AME SANTO ANDRE DR NEWTON DA COSTA BRANDAO;6655416
6657516 AME ITU AMBULATORIO MEDICO DE ESPECIALIDAD;6657516
6669298 CLINICA E LABORATORIO BRASIL;6669298
6669727 AME AMBULATORIO MEDICO DE ESPECIALIDADES D;6669727
6673988 LABOR LABCLIM;6673988
6676898 CENTRO MUNICIPAL DE ATENCAO SECUNDARIA MAI;6676898
6683134 HOSPITAL REGIONAL TEREZINHA GAIO BASSO;6683134
6697054 CASU IRMA DENISE;6697054
6697208 SAO ROQUE MEDICINA DIAGNOSTICA;6697208
6710158 HOSPITAL REGIONAL PUBLICO DO MARAJO;6710158
6752233 AME AMBULATORIO MEDICO DE ESPECIALIDADE GE;6752233
6777716 LCP LABORATORIO DE CITOLOGIA E PATOLOGIA;6777716
6794858 CENTRO DE APOIO EM PATOLOGIA DE GUARAPUAVA;6794858
6817769 CLINICA MUNICIPAL DE ESPECIALIDADES;6817769
6820018 SMS CF BARBARA STARFIELD AP 32;6820018
6820158 LABORATORIO PASTEUR DE PATOLOGIA;6820158
6844138 HOSPITAL SAO JOSE DE DOIS IRMAOS IBSAUDE;6844138
6854729 HOSPITAL MUNICIPAL RUTH CARDOSO;6854729
6876617 HOSPITAL DA CRIANCA DE BRASILIA JOSE ALENC;6876617
6892256 HOSPITAL E MATERNIDADE REGIONAL DE IBIRITE;6892256
6895263 AME AMBULATORIO MED ESPECIALIDADES DE SAO;6895263
6908268 HOSPITAL PELOPIDAS SILVEIRA;6908268
6909914 IBRAP ARAGUAINA;6909914
6920217 FPM POLICLINICA ESCOLA DA FACULDADE PATOS;6920217
6920977 HOSPITAL REGIONAL DE JANAUBA;6920977
6943284 MATERNIDADE GOTA DE LEITE DE ARARAQUARA;6943284
6956718 AME MAUA;6956718
6972721 LABORATORIO NUCLEO DE BELA VISTA DE GOIAS;6972721
6984649 BP HOSPITAL FILANTROPICO;6984649
6985769 IMAP INSTITUTO MEDICO DE ANATOMIA PATOLOGI;6985769
6998704 COMPLEXO HOSPITALAR DOS ESTIVADORES;6998704
7016654 CDC CARDIOGRAPH;7016654
7025734 CENTRO ESTADUAL DE ATENCAO ESPECIALIZADA C;7025734
7026137 LABORATORIO DE ANALISES CLINICAS DR IVANIL;7026137
7033702 AME AMBULATORIO MEDICO DE ESPECIALIDADES D;7033702
7038216 PRONTO SOCORRO MUNICIPAL DE ITABIRA;7038216
7039344 INSTITUTO SAO RAFAEL;7039344
7049730 AME AMBULATORIO MEDICO DE ESPECIALIDADES C;7049730
7058616 BYOPATOLOGIA CENTRO DIAGNOSTICO DE PATOLOG;7058616
7065515 HOSPITAL SAO FRANCISCO NA PROVIDENCIA DE D;7065515
7066376 HOSPITAL DE AMOR JALES;7066376
7068336 HOSPITAL DE AMOR AMAZONIA;7068336
7072341 POLICLINICA JOSE GILVAN LEITE SAMPAIO BREJ;7072341
7082886 HOSPITAL DR JOSE MARIA MORAIS;7082886
7083106 LABORATORIO CENTRAL DA SERRA;7083106
7092571 HOSPITAL INDEPENDENCIA;7092571
7095465 LABORATORIO TAFURI;7095465
7105088 HOSPITAL MUNICIPAL NOSSA SENHORA DA GRACA;7105088
7115148 HOSPITAL UNIVERSITARIO;7115148
7117485 HOSPITAL MUNICIPAL DR CRUZATTI;7117485
7151950 BIOLAB ANALISES CLINICAS;7151950
7176090 LAB ANATOP CITOP ZANELLA LTDA;7176090
7185081 SES RJ HOSPITAL ESTADUAL TRANSPLANTE CANCE;7185081
7188676 AME AMBULATORIO MEDICO DE ESPECIALIDADES D;7188676
7205686 INSTITUTO SUL PARANAENSE DE RADIOTERAPIA;7205686
7209517 AME AMBULATORIO MEDICO DE ESPECIALIDADES D;7209517
7250401 SOCIEDADE BENEFICENTE CRISTO REI;7250401
7257406 HOSPITAL ESTADUAL DR JAYME SANTOS NEVES;7257406
7266960 CENTRO ESTADUAL DE ATENCAO ESPECIALIZADA;7266960
7267975 SES RJ INSTITUTO ESTADUAL DO CEREBRO PAULO;7267975
7274351 AFSC;7274351
7278608 CIS CENTRO INTEGRADO EM SAUDE;7278608
7286082 HOSPITAL DA CRIANCA AUGUSTA MULLER BOHNER;7286082
7287380 CEDIA;7287380
7297394 UPAE DR EMANUEL ALIRIO BRANDAO PETROLINA;7297394
7322879 LABORATORIO DE ANATOMOCITOPATOLOGIA DO E D;7322879
7361289 CTR CENTRO DE TRATAMENTO EM RADIO ONCOLOGI;7361289
7366108 HOSPITAL DAS CLINICAS DOUTOR MARIO RIBEIRO;7366108
7373465 HOSPITAL DE CLINICAS MUNICIPAL;7373465
7382626 POLICLINICA JUDITE CHAVES SARAIVA LIMOEIRO;7382626
7398948 CENTRO MEDICO HILARION;7398948
7400926 FUNDACAO HOSPITAL REGIONAL DO CANCER;7400926
7401698 CITOCORE;7401698
7403992 DIAG CITO;7403992
7418752 LABORATORIO BIOANALISE;7418752
7430264 LABORATORIO CAPC ITUMBIARA;7430264
7438222 CSE DR WASHINGTON LUIS M RODRIGUES DA SILV;7438222
7442246 AAS;7442246
7445571 ONCOCENTER;7445571
7471955 HOSPITAL MEDICO CIRURGICO;7471955
7473702 HOSP MUN DE MOGI DAS CRUZES PREF WALDEMAR;7473702
7486596 HOSPITAL REGIONAL DE BIGUACU HELMUTH NASS;7486596
7513151 HOSPITAL RESTINGA E EXTREMO SUL;7513151
7559461 LABORATORIO MUNICIPAL DE MOGI DAS CRUZES;7559461
7560435 AME PARIQUERA ACU;7560435
7573162 HOSPITAL REGIONAL DE JUNDIAI;7573162
7595247 CISVER;7595247
7607547 ASSOCIACAO BENEFICENTE OSWALDO CRUZ DE HOR;7607547
7695373 TOPLAB MEDICINA LOBORATORIAL;7695373
7711980 HOSP MUN GILSON DE CASSIA MARQUES DE CARVA;7711980
7725019 POLICLINICA DR VALMOR BEDUSCHI;7725019
7781318 FALCAO DIAGNOSTICOS;7781318
7826060 HOSPITAL REGIONAL DA BAIXADA MARANHENSE DR;7826060
7845138 UOPECCAN FILIAL UMUARAMA;7845138
7865082 CASA ROSA CENTRO DE REFERENCIA EM SAUDE DA;7865082
7866801 HOSPITAL METROPOLITANO DOUTOR CELIO DE CAS;7866801
7871902 HOSPITAL ONCOLOGICO INFANTIL OCTAVIO LOBO;7871902
7877447 LABORATORIO DE ANATOMOPATOLOGIA FAHECE;7877447
7891067 HOSPITAL REGIONAL DE CAXIAS DR EVERALDO FE;7891067
7893302 CENTRO PREVENCAO DIAGNOSTICO PRECOCE DO CA;7893302
7899203 AFIP SOROCABA;7899203
7906560 CONVALES;7906560
7922833 DIAGNOSE;7922833
7947569 DIAGNOSTIKA ANATOMIA PATOLOGICA E CITOLOGI;7947569
7947984 COMPLEXO MUNICIPAL DE SAUDE;7947984
7958838 US 444 HOSPITAL DA MULHER DO RECIFE DRA ME;7958838
7965052 LABORATORIO DE PATOLOGIA LIVRAMENTO;7965052
7977719 CENTRO ONCOLOGICO ACCCOM;7977719
7984669 CENTRO DE SAUDE ANTONIO MARINHO DE CARVALH;7984669
8003629 HOSPITAL DO CORACAO DE NATAL;8003629
8006458 SOLIM LABORATORIOS;8006458
8013969 LABORATORIO SAO NICOLAU;8013969
8015899 HOSPITAL ESTADUAL DIRCEU ARCOVERDE;8015899
9030557 AMBULATORIO MEDICO DE ESPECIALID DE LORENA;9030557
9031464 UNACON TUCURUI;9031464
9065768 HOSPITAL MACRORREGIONAL DRA RUTH NOLETO;9065768
9124225 EXATO LABORATORIO ANALISES CLINICAS;9124225
9141839 HOSPITAL REGIONAL JOSE ALENCAR;9141839
9146288 CLINICA INTEGRADA MUNICIPAL;9146288
9185453 CICLO MEDICINA DIAGNOSTICA;9185453
9199101 CENTRAL DE REGULACAO MUNICIPAL DE SOORETAM;9199101
9205217 PLENNO SERVICOS MEDICOS E DIAGNOSTICOS;9205217
9207295 CENTRO DE DIAGNOSTICO MARIA MARIANO MENEGH;9207295
9209352 HOSPITAL MUNICIPAL DE CUIABA E P S DR LEON;9209352
9211241 SIAP SERVICOS INTEGRADOS DE ANATOMIA E PAT;9211241
9232141 AME AMB MEDICO DE ESP FRANCESCO LEONARDO B;9232141
9235248 CESAPI;9235248
9255400 IRRADIAR DE PALMAS;9255400
9262407 HOSPITAL DOM TOMAS;9262407
9270299 SICAR LABORATORIOS;9270299
9311866 IAP NEUMANN;9311866
9314687 AME TAQUARITINGA;9314687
9348638 CISAMUREL;9348638
9363947 MEDVIDA;9363947
9372822 POLICLINICA REGIONAL REGIAO DE SAUDE DE TE;9372822
9373853 POLICLINICA REGIONAL REGIAO DE SAUDE GUANA;9373853
9381457 UNIDADE DE SAUDE ETHEVALDO FRANCISCO ROLDI;9381457
9388133 HOSPITAL REGIONAL COSTA DO CACAU;9388133
9411836 LAP LABORATORIO DE ANATOMIA PATOLOGICA;9411836
9425802 HOSPITAL REGIONAL DE PIRACICABA;9425802
9442642 AMBULATORIO MEDICO DE ESPECIALIDADES AME S;9442642
9443665 HOSPITAL MUNICIPAL DE SALVADOR HMS;9443665
9447601 LATORMES ANATOMIA PATOLOGICA E CITOLOGICA;9447601
9463704 VIDEN PATOLOGIA;9463704
9472983 DIAGNOSTIKA ANATOMIA PATOLOGICA E CITOLOGI;9472983
9477381 MASTERCLIN;9477381
9491112 HOSPITAL REGIONAL DE SOROCABA;9491112
9491252 DR RUBENS SAVASTANO HOSPITAL REGIONAL DE S;9491252
9507930 POLICLINICA REGIONAL REGIAO DE SAUDE FEIRA;9507930
9511377 POLICLINICA REGIONAL RS STO ANTONIO DE JES;9511377
9529209 CEI CENTRO DE ESPECIALIDADES DE ITAMOGI BE;9529209
9548858 POLICLINICA NUCLEO BANDEIRANTE;9548858
9551808 NEOPATHOLOGIA;9551808
9556095 HOSPITAL REGIONAL DE REGISTRO REGISTRO;9556095
9563873 HOSPITAL SAO JOSE;9563873
9574123 UNICITO;9574123
9575936 HOSPITAL REGIONAL DE SANTA MARIA;9575936
9577599 LABORATORIO ELLINGER;9577599
9580743 AME SAO VICENTE;9580743
9650105 SANTA CASA DE MISERICORDIA DE PATOS DE MIN;9650105
9680500 SANTA CASA DE GARCA HOSPITAL SAO LUCAS HSL;9680500
9685871 HOSPITAL REGIONAL PUBLICO DOS CAETES DR JO;9685871
9773657 HOSPITAL ESTADUAL DE SERRANA;9773657
9780483 CITOMED LABORATORIO FILIAL;9780483
9804951 AFIP ASSOCIACAO FUNDO DE INCENTIVO A PESQU;9804951
9841903 HOSPITAL ESTADUAL SANTA CASA;9841903
9866035 POLICLINICA REGIONAL DE SAUDE VITORIA DA C;9866035
9882138 HOSPITAL DE AMOR RIO BRANCO;9882138
9917322 HOSPITAL REGIONAL PUBLICO DR ABELARDO SANT;9917322
9939938 POLICLINICA LUSMAR VERAS RODRIGUES;9939938
9984321 LABORATORIO DI PREVER LTDA;9984321

