Estabelecimento diagnóstico;Estabelecimento diagnóstico
0000035 HOSPITAL MENDO SAMPAIO;0000396
0000086 CENTRO DE SAUDE DA MULHER CAIC;0000426
0000396 HOSPITAL DAS CLINICAS;0000434
0000418 HOSPITAL AGAMENON MAGALHAES;0000477
0000426 HOSPITAL OTAVIO DE FREITAS;0000582
0000434 IMIP;0000655
0000477 HOSPITAL OSWALDO CRUZ;0000779
0000566 HOSPITAL MARIA LUCINDA;0000809
0000582 HOSPITAL DE CANCER DE PERNAMBUCO;0001023
0000655 HOSPITAL DA RESTAURACAO;0002208
0000779 US 143 LABORATORIO MUNICIPAL DO RECIFE;0002232
0000809 FUNDACAO HEMOPE;0002275
0001023 IRSIR;0002283
0001120 REAL HOSPITAL PORTUGUES;0002534
0002208 CENTRO DE ATENCAO INTEGRAL A SAUDE DA MULH;0003050
0002232 HOSPITAL E MATERNIDADE SANTA IZABEL;0003271
0002275 HOSPITAL SAO JOSE;0003778
0002283 HOSPITAL DE CIRURGIA;0003786
0002534 HOSPITAL UNIVERSITARIO DE SERGIPE HUSE;0003808
0003050 LABORATORIO DRA MONICA;0003816
0003271 LABORATORIO DE ANATOMIA PATOLOGICA E CITOP;0003832
0003778 HOSPITAL ESTADUAL DA MULHER;0003921
0003786 HOSPITAL ARISTIDES MALTEZ;0004278
0003808 HOSPITAL SAO RAFAEL;0007684
0003816 HOSPITAL UNIVERSITARIO PROFESSOR EDGARD SA;0008028
0003832 HOSPITAL SANTA ISABEL;0008036
0003921 CICAN;0008052
0003980 HOSPITAL ELADIO LASSERRE;0008753
0004251 HOSPITAL PORTUGUES;0008923
0004278 HOSPITAL MARTAGAO GESTEIRA;0009318
0005061 IBIT INSTITUTO BRAS PARA INVESTIGACAO DA T;0009369
0007641 ABSJ;0009539
0007684 HOSPITAL MAGALHAES;0009601
0008028 HOSPITAL MUNICIPAL ANTONIO GIGLIO;0009628
0008036 HOSPITAL MATERNIDADE AMADOR AGUIAR;0009709
0008052 HOSPITAL REGIONAL DR VIVALDO MARTINS SIMOE;0009717
0008753 INSTITUTO DE RADIOTERAPIA DO ABC;0009725
0008923 CENTRO HOSPITALAR DE SANTO ANDRE DR NEWTON;0009733
0009318 LABORATORIO CENTRAL;0009776
0009369 CENON CENTRO DE ONCOLOGIA RADIOTERAPICA DO;0009962
0009539 HOSPITAL MATERNO INFANTIL ANTONINHO DA ROC;0010030
0009601 HOSPITAL PIO XII;0010456
0009628 HOSPITAL MUNICIPAL DR JOSE DE CARVALHO FLO;0010464
0009709 EBSERH HOSP UNIV MARIA APARECIDA PEDROSSIA;0010472
0009717 SANTA CASA;0010480
0009725 HOSPITAL REGIONAL DE MATO GROSSO DO SUL;0010499
0009733 HOSPITAL SAO JULIAO;0010510
0009776 HOSPITAL DO CANCER DR ALFREDO ABRAO;0010537
0009962 LABORATORIO DE ANATOMIA PATOLOGIA E CITOLO;0011738
0010030 HISTOLAB MS;0011746
0010456 HOSPITAL DE BASE DO DISTRITO FEDERAL;0011800
0010464 HRAN;0012416
0010472 HRG;0012505
0010480 HOSPITAL REGIONAL DE CEILANDIA;0012521
0010499 HRT HOSPITAL REGIONAL DE TAGUATINGA;0012556
0010502 HRS;0013633
0010510 HOSPITAL UNIVERSITARIO DE BRASILIA;0013838
0010537 HOSPITAL MATERNO INFANTIL DR ANTONIO LISBO;0013846
0011738 HOSPITAL SANTA RITA DE CASSIA;0014109
0011746 HOSPITAL DA SANTA CASA DE MISERICORDIA DE;0015245
0011800 HOSPITAL INFANTIL NOSSA SENHORA DA GLORIA;0015334
0011843 SANTA CASA DE MISERICORDIA DE VITORIA UNID;0015369
0012416 LABORATORIO DE ANATOMIA PATOLOGICA E CITOL;0015407
0012505 HOSPITAL UNIVERSITARIO ANTONIO PEDRO;0015423
0012521 SES RJ HOSPITAL ESTADUAL AZEVEDO LIMA;0015563
0012556 HOSPITAL ORENCIO DE FREITAS;0015598
0013633 HOSPITAL ANGELINA CARON;0015644
0013838 HOSPITAL SAO LUCAS;0016136
0013846 HOSPITAL DO ROCIO;0017868
0014109 HOSPITAL SANTA CASA DE MISERICORDIA;0017876
0014125 CENTER CLINICAS;0017884
0015245 HOSPITAL UNIVERSITARIO EVANGELICO MACKENZI;0019283
0015318 HNSG;0019305
0015334 HOSPITAL SANTA CASA DE CURITIBA;0019402
0015369 COMPLEXO HOSPITALAR DO TRABALHADOR;0019445
0015407 HOSPITAL UNIVERSITARIO CAJURU;0021768
0015423 CRUZ VERMELHA BRASILEIRA FILIAL DO ESTADO;0025135
0015539 FUNDACAO PRO HANSEN;0025186
0015563 HOSPITAL INFANTIL PEQUENO PRINCIPE;0025925
0015598 CLINICA PARANAENSE DE TUMORES SC;0026794
0015636 HOSPITAL DE OLHOS DO PARANA;0026808
0015644 HOSPITAL ERASTO GAERTNER;0026840
0016055 LABORCENTRO;0026859
0016136 PATOLOGISTAS ASSOCIADOS;0026921
0016357 LABORATORIO ANNALAB;0026964
0016446 NEOPATH PATOLOGIA DIAGNOSTICA;0026972
0017868 POLICLINICA PATO BRANCO;0027014
0017876 CIS CONIMS;0027022
0017884 ISSAL;0027049
0018694 HOSPITAL BOM JESUS;0027383
0019283 MATERNIDADE CARMELA DUTRA;0027863
0019305 HOSPITAL FLORIANOPOLIS;0028878
0019402 IMPERIAL HOSPITAL DE CARIDADE;0092894
0019445 CEPONSC;0181277
0021741 LAC LABORATORIO DE ANATOMIA PATOLOGICA E C;0215805
0021768 SCREENLAB LABORATORIO DE CITOLOGIA E PATOL;0265500
0022500 LABORATORIO DE REFERENCIA EM ANALISES CLIN;0404853
0025135 HOSPITAL MUNICIPAL SAO JOAO BATISTA;0547484
0025186 HINJA;0762776
0025550 CENTRO MUNICIPAL DE ESPECIALIDADES ENFERME;0901725
0025925 POLICLINICA DA MULHER DR JULIO PEREIRA GOM;0963313
0026719 CENTRO OFTALMOLOGICO DE MINAS GERAIS;0965324
0026794 HOSPITAL SOFIA FELDMAN;2001586
0026808 HOSPITAL EVANGELICO DE BELO HORIZONTE;2004976
0026840 COMPLEXO HOSPITALAR SAO FRANCISCO;2005050
0026859 HOSPITAL FELICIO ROCHO;2005069
0026921 HOSPITAL JOAO XXIII;2005417
0026964 HOSPITAL ALBERTO CAVALCANTI;2006197
0026972 MATERNIDADE ODETE VALADARES;2006340
0027014 SANTA CASA DE BELO HORIZONTE;2006448
0027022 HOSPITAL JULIA KUBITSCHEK;2006588
0027049 HOSP DAS CLINICAS DA UNIV FED DE MINAS GER;2007037
0027383 LABORATORIO TAFURI SAO PAULO;2010631
0027499 LAB CYTO GENESIS;2012650
0027863 HOSPITAL RISOLETA TOLENTINO NEVES;2012677
0028878 PATOLOGOS;2017644
0048305 POLICLINICA ESTADUAL DA REGIAO NORDESTE PO;2018918
0059218 POLICLINICA REGIONAL DE SAUDE EM BARREIRAS;2020645
0087785 SAO ROQUE MEDICINA DIAGNOSTICA LTDA;2021994
0092894 HOSPITAL REGIONAL DO LITORAL NORTE;2022621
0181277 HOSPITAL REGIONAL HILDA STRENGER RIBEIRO;2023016
0215805 DMAP;2023474
0249254 LASS LABORATORIO DE ANALISES CLINICAS SAO;2023709
0265500 US 111 HOSPITAL EDUARDO CAMPOS DA PESSOA I;2024691
0293768 BIOMEGA MEDICINA DIAGNOSTICA;2024756
0404853 AME AMBULATORIO MEDICO DE ESPECIALIDADES D;2025353
0432237 CECAP;2025361
0547484 HOSPITAL ESTADUAL DO CENTRO NORTE GOIANO;2025507
0762776 SAUDE UNIVATES LABORATORIOS DE APOIO AO DI;2025523
0768855 WM PATOLOGIA DIAGNOSTICA;2025752
0776459 CIS CENTRO INTEGRADO DE SAUDE;2026384
0829781 POLICLINICA REGIONAL DE SAUDE DE BRUMADO;2027186
0854646 ASSOCIACAO HOSPITALAR BENEFICENTE MOACIR M;2027356
0871249 LABORATORIO SAGRADA FAMILIA;2028840
0887900 HUMANIZALAB LTDA;2030020
0901725 HOSPITAL REGIONAL HILDA STRENGER RIBEIRO;2030705
0919373 HOSPITAL UNIVERSITARIO REITOR HESIO CORDEI;2035081
0963313 DBC PATOLOGIA DIAGNOSTICA;2035472
2001586 FUNDHACRE;2036274
2003775 SANTA CASA DE MISERICORDIA DE PENEDO;2038196
2004976 HOSPITAL MEMORIAL DJACY BARBOSA;2039249
2005026 CASA DE SAUDE E MAT N SRA DE FATIMA LTDA;2040050
2005050 HOSPITAL REGIONAL DE ARAPIRACA;2043025
2005069 NPDC;2047713
2005417 CHAMA;2048507
2005956 LACIT;2049619
2006197 HOSPITAL UNIVERSITARIO PROF ALBERTO ANTUNE;2049775
2006340 CASA DE SAUDE SANTO ANTONIO;2052407
2006448 HOSPITAL VEREDAS;2058790
2006588 IPIC INSTITUTO DE PATOLOGIA IMUNOISTOQUIMI;2063646
2007037 SANTA CASA DE MISERICORDIA DE MACEIO;2066092
2010631 HOSPITAL REGIONAL SANTA RITA E MATERNIDADE;2066394
2012650 FUNDACAO HOSPITALAR ALFREDO DA MATTA FUHAM;2066572
2012677 FUNDACAO CECON;2069601
2017644 HOSPITAL UNIVERSITARIO GETULIO VARGAS HUGV;2069776
2018918 LABORATORIOS REUNIDOS;2071371
2020645 SES AP HOSPITAL DE CLINICAS DOUTOR ALBERTO;2071568
2021994 CEPAC CENTRO DIAG ANAT PATOL CITOPATOLOGIA;2073269
2022621 MATERNIDADE DE CAMPINAS;2074044
2023016 CASA DE CARIDADE SAO VICENTE DE PAULO CAJU;2075962
2023474 HOSPITAL MUNICIPAL WALTER FERRARI;2076896
2023709 SANTA CASA DE MISERICORDIA DE ITATIBA;2076926
2024691 SANTA CASA DE CRUZEIRO;2077396
2024756 HOSPITAL E MATERNIDADE NOSSA SENHORA DA AJ;2077426
2025299 AMBULATORIO MUNICIPAL PREFEITO HERMINIO DE;2077434
2025353 POLICLINICA CENTRO;2077450
2025361 HOSPITAL ANCHIETA;2077477
2025477 HOSPITAL E MATERNIDADE SANTA ISABEL DE JAB;2077485
2025507 HOSPITAL DAS CLINICAS HCFAMEMA;2077523
2025523 HCFAMEMA UNIDADE MATERNO INFANTIL;2077531
2025752 SANTA CASA DE SANTOS;2077590
2026384 TATUILAB ANATOMIA PATOLOGICA E CITOLOGIA T;2077620
2026805 SANTA CASA DE GUARIBA;2077671
2027186 SANTA CASA DE MISERICORDIA DE ITAPEVA;2078015
2027356 HOSPITAL MUNICIPAL UNIVERSITARIO;2078023
2028204 SANTA CASA DE MONTE ALTO;2078074
2028840 INSTITUTO DE INFECTOLOGIA EMILIO RIBAS SAO;2078104
2030020 UNESP CAMPUS DE ARACATUBA;2078252
2030705 INSTITUTO DE RADIOTERAPIA PRESIDENTE PRUDE;2078287
2035081 CENTRO DE ATENCAO INTEGRAL A SAUDE DA MULH;2078295
2035472 INSTITUTO DE PATOLOGIA DE ARACATUBA;2078325
2036274 LABORATORIO DE PATOLOGIA E CITOLOGIA DE SO;2078473
2038196 CAISM CENTRO DE ATENCAO INT SAUDE DA MULHE;2078503
2039249 CAD CENTRO APOIO E DIAGNOSTICO SAO VICENTE;2078511
2040050 UNIDADE DE COLETA;2078562
2043025 AMBULATORIO DO CENTRO HOSPITALAR DE SANTO;2078775
2047713 UBS NOVA HORTOLANDIA DOM BRUNO GAMBERINI;2078813
2048507 LABORATORIO PAULISTA ITAPETININGA;2079135
2049457 CENTRO DE SAUDE II MAIRINQUE MAIRINQUE;2079186
2049619 INSTITUTO DE PATOLOGIA DE CAMPINAS;2079321
2049775 LABORATORIO DE PATOLOGIA CIRURGICA CITOPAT;2079704
2052407 ITAPEMA LABORATORIOS FILIAL;2079720
2053446 AMBULATORIO DE ESPECIALIDADES;2079798
2055228 FACULDADE DE ODONTO RIBEIRAO PRETO;2079828
2056860 CEM DRA ZILDA ARNS NEUMANN CARAGUATATUBA;2079860
2058308 HOSPITAL MUNICIPAL DR ACILIO CARREON GARCI;2079917
2058790 HOSPITAL MUNICIPAL DR WALDEMAR TEBALDI;2079925
2060027 CENTRO DE ESPECIALIDADES E APOIO DIAGNOSTI;2080044
2063646 LABORATORIO CARDOSO DE ALMEIDA;2080052
2064340 LABORATORIO MUNICIPAL DR DJAIR ISCARO SORO;2080087
2066092 HOSPITAL GERAL DE PEDREIRA;2080125
2066394 LABORATORIO DE PATOLOGIA DE BIRIGUI S C LT;2080273
2066572 HOSPITAL HELIOPOLIS UNIDADE DE GESTAO ASSI;2080338
2066637 CENTRO DE ESPECIALIDADES MEDICAS DR DOMING;2080346
2069601 FUNDACAO ONCOCENTRO DE SAO PAULO;2080354
2069776 HOSPITAL DE URGENCIA;2080362
2071185 POUPATEMPO DA SAUDE;2080400
2071371 HOSPITAL INFANTIL DARCY VARGAS UGA III SAO;2080427
2071568 HC DA FMUSP INSTITUTO DO CORACAO INCOR SAO;2080532
2073269 CEMAS PRAIA GRANDE;2080575
2074044 IPC DR NICOLINO LIA NETO;2080664
2075717 HOSP MUN MATERNIDADE PROFESSOR MARIO DEGNI;2080680
2075962 HOSP DA STA CASA DE STO AMARO;2080745
2076225 LABORATORIO PROF DR HUMBERTO RIBEIRAO PRET;2080788
2076896 HOSPITAL SAO LUIZ GONZAGA;2080842
2076926 HOSPITAL UNIVERSITARIO DA USP SAO PAULO;2080923
2077396 HOSPITAL DE BASE DE SAO JOSE DO RIO PRETO;2080931
2077426 HOSPITAL ESTADUAL DE VILA ALPINA ORG SOCIA;2081059
2077434 HOSPITAL DR LEOPOLDO BEVILACQUA;2081083
2077450 HOSP MUN PIRITUBA JOSE SOARES HUNGRIA;2081091
2077477 HOSPITAL SANTA MARCELINA SAO PAULO;2081253
2077485 HOSPITAL SAO PAULO HOSPITAL DE ENSINO DA U;2081377
2077493 HOSPITAL GERAL DE SAO MATEUS SAO PAULO;2081458
2077507 HOSPITAL LEFORTE LIBERDADE;2081482
2077523 UNIDADE DE GESTAO ASSISTENCIAL II HOSPITAL;2081490
2077531 A C CAMARGO CANCER CENTER;2081512
2077582 HOSPITAL NOSSA SENHORA DA PIEDADE;2081555
2077590 IBCC;2081644
2077620 HOSPITAL GERAL SANTA MARCELINA DE ITAIM PA;2081695
2077639 HOSP MUN PROF DR WALDOMIRO DE PAULA;2081873
2077647 SANTA CASA DE MIS DE ADAMANTINA NA PROVIDE;2081903
2077671 HOSPITAL GERAL DO GRAJAU PROF LIBER JOHN A;2081970
2078015 HC DA FMUSP HOSPITAL DAS CLINICAS SAO PAUL;2082128
2078023 HOSPITAL SAO LUCAS;2082187
2078074 SANTA CASA DE LEME;2082225
2078104 HOSPITAL GERAL DE ITAPEVI;2082306
2078155 HOSPITAL STELLA MARIS;2082519
2078252 SANTA CASA DE BIRIGUI;2082527
2078287 CENTRO DE REFERENCIA DA SAUDE DA MULHER SA;2082594
2078295 SANTA CASA DE TAQUARITINGA;2082632
2078325 HOSP MUN INFANTIL MENINO JESUS;2082691
2078414 SANTA CASA DE GUAIRA;2082810
2078449 SANTA CASA DE PATROCINIO PAULISTA;2082845
2078473 HOSPITAL DR LUIZ CAMARGO DA FONSECA E SILV;2082853
2078503 SANTA CASA DE PENAPOLIS;2082888
2078511 HOSPITAL REGIONAL DE ILHA SOLTEIRA;2082926
2078562 HOSPITAL GERAL DE ITAQUAQUECETUBA;2083027
2078775 SANTA CASA DE ARACATUBA HOSPITAL SAGRADO C;2083086
2078813 HOSPITAL OFTALMOLOGICO DE SOROCABA;2083094
2078848 SANTA CASA ANNA CINTRA;2083116
2079135 SANTA CASA DE MISERICORDIA DE TATUI;2083175
2079186 HOSP MUN MAT ESC DR MARIO DE MORAES A SILV;2083590
2079232 HOSPITAL SANTA BARBARA;2083604
2079240 HOSPITAL GERAL JESUS TEIXEIRA DA COSTA GUA;2083981
2079321 HOSPITAL GPACI SOROCABA;2084058
2079348 SANTA CASA DE IGARAPAVA;2084163
2079410 COMPLEXO HOSPITALAR PADRE BENTO DE GUARULH;2084171
2079429 SANTA CASA SALTO DE PIRAPORA;2084228
2079437 HOSPITAL BENEFICENTE DE MARACAI;2084252
2079518 SANTA CASA DE MIS E MATERNIDADE N SRA DA C;2084414
2079704 HOSPITAL DR RENATO SILVA DE SOCORRO;2084422
2079720 HOSPITAL GUILHERME ALVARO SANTOS;2085062
2079798 HOSPITAL DAS CLINICAS DA UNICAMP DE CAMPIN;2085194
2079828 HOSPITAL GERAL PIRAJUSSARA TABOAO DA SERRA;2087057
2079836 SANTA CASA DE MISERICORDIA ITAPOLIS;2087103
2079860 SANTA CASA DE SUZANO;2087219
2079895 SANTA CASA DE MISERICORDIA DE JALES;2087618
2079917 SANTA CASA DE LOUVEIRA;2087804
2079925 SANTA CASA DE PORTO FELIZ;2087928
2079976 SANTA CASA DE LARANJAL PAULISTA;2088193
2080044 SANTA CASA DE SAO JOAQUIM DA BARRA;2088576
2080052 HOSPITAL NOSSA SENHORA APARECIDA;2089327
2080087 SANTA CASA DE MISERICORDIA DE TIETE;2089335
2080125 INST DO CANCER ARNALDO VIEIRA DE CARVALHO;2089696
2080222 SANTA CASA DE CACONDE;2090236
2080273 HOSPITAL ESTADUAL MARIO COVAS DE SANTO AND;2091542
2080338 HOSPITAL GERAL DE GUARULHOS PROF DR WALDEM;2091585
2080346 HOSP MUN DR CARMINO CARICCHIO;2092220
2080354 HOSPITAL SANTO ANTONIO SANTOS;2092298
2080400 HOSPITAL IMACULADA CONCEICAO RIBEIRAO PRET;2092611
2080427 HOSPITAL MUNICIPAL DA CRIANCA E DO ADOLESC;2092980
2080532 SANTA CASA HOSP DR ARISTOTELES OLIVEIRA MA;2093324
2080575 HOSPITAL BP;2093502
2080583 HOSP MUN TIDE SETUBAL;2094215
2080621 SANTA CASA POMPEIA;2096412
2080664 SANTA CASA DE TUPA;2096463
2080672 HOSPITAL SAO FRANCISCO TUPA;2096498
2080680 HOSPITAL DAS CLINICAS LUZIA DE PINHO MELO;2097877
2080745 SANTA CASA DE SANTA CRUZ DAS PALMEIRAS;2098326
2080788 HOSP MUN V NHOCUNE ALEXANDRE ZAIO;2098369
2080842 SANTA CASA DE MISERICORDIA DE CANDIDO MOTA;2098407
2080923 HOSPITAL SAO VICENTE;2098474
2080931 SANTA CASA DE SAO CARLOS;2098504
2080958 SANTA CASA DE MISERICORDIA DE PALMITAL;2098911
2080966 SANTA CASA DE ESTRELA DOESTE;2098938
2081059 HOSPITAL MUNICIPAL DE PAULINIA;2099152
2081083 SANTA CASA DE ASSIS;2099438
2081091 HOSPITAL MUNICIPAL DE ITAPIRA;2099446
2081105 SANTA CASA DE VALPARAISO;2099454
2081164 HOSPITAL SANTA LYDIA RIBEIRAO PRETO;2099497
2081253 HOSPITAL SAO LUIZ DE ARARAS;2105578
2081261 HOSPITAL SAO LUIZ;2105780
2081350 HOSPITAL DE PIRAJU;2109034
2081377 SANTA CASA DE VOTUPORANGA;2110075
2081385 SANTA CASA DE TUPI PAULISTA;2111152
2081458 SANTA CASA DE LIMEIRA;2111640
2081482 BOLDRINI CAMPINAS;2111659
2081490 HOSPITAL MUNICIPAL DR MARIO GATTI CAMPINAS;2112175
2081512 SANTA CASA DE MISERICORDIA DE GUARATINGUET;2114763
2081555 SANTA CASA DE MISERICORDIA DE ITARARE;2115662
2081644 HOSPITAL FREI GALVAO;2117037
2081695 CONJUNTO HOSPITALAR SOROCABA;2118661
2081717 SANTA CASA DESCALVADO;2118866
2081768 SANTA CASA DE AURIFLAMA;2119420
2081814 SANTA CASA DE GUARARAPES;2119528
2081873 HOSPITAL E MATERNIDADE DE RANCHARIA;2120542
2081903 HOSPITAL DE CARIDADE DE VARGEM GRANDE DO S;2126494
2081970 HOSP MUN JABAQUARA ARTUR RIBEIRO DE SABOYA;2127989
2081989 HOSPITAL SAO SEBASTIAO DE BORBOREMA;2129469
2082128 HOSPITAL E MATERNIDADE CELSO PIERRO;2135132
2082187 HOSPITAL DAS CLINICAS FAEPA RIBEIRAO PRETO;2138875
2082195 BENEFICENCIA PORTUGUESA DE AMPARO;2140217
2082209 PS E MATERNIDADE NAIR FONSECA LEITAO ARANT;2142376
2082225 HOSPITAL KATIA DE SOUZA RODRIGUES TAIPAS S;2142384
2082284 SANTA CASA DE GRAMA;2144298
2082306 SANTA CASA DE CASA BRANCA;2145685
2082322 HOSPITAL DONA BALBINA;2146339
2082381 HOSPITAL MUNICIPAL DE BEBEDOURO JULIA PINT;2146355
2082519 SANTA CASA DE PARAGUACU PAULISTA;2146495
2082527 SANTA CASA DE ARARAQUARA;2146525
2082594 COMPLEXO HOSPITALAR MUNICIPAL;2148293
2082632 HOSPITAL E MATERNIDADE SAO JOSE BARRA BONI;2149990
2082640 SANTA CASA DE CARIDADE E MATERNIDADE IBITI;2150581
2082659 SANTA CASA DE NOVA GRANADA;2152118
2082667 SANTA CASA DE MONTE APRAZIVEL;2153025
2082691 SANTA CASA DE ANDRADINA;2153084
2082721 HOSPITAL E MATERNIDADE SOTERO DE SOUZA;2153106
2082756 SANTA CASA DE SALTO GRANDE;2153114
2082810 CONDERG HOSPITAL REGIONAL DE DIVINOLANDIA;2153874
2082845 SANTA CASA DE OLIMPIA;2153882
2082853 HOSPITAL MAJOR ANTONIO CANDIDO BATATAIS;2154633
2082861 HOSP MUNICIPAL DE URGENCIAS HMU;2159252
2082888 SANTA CASA DE RIO CLARO;2161354
2082926 CASA DE SAUDE STELLA MARIS;2163829
2083027 SANTA CASA DE MISERICORDIA DE PEREIRA BARR;2164280
2083051 SANTA CASA DE APARECIDA;2164299
2083086 HOSPITAL AMARAL CARVALHO JAU;2165058
2083094 HOSPITAL REGIONAL DE ASSIS;2168707
2083116 SANTA CASA DE MARILIA;2171554
2083140 IRMANDADE DA SANTA CASA DE MISERICORDIA DE;2171945
2083175 SANTA CASA PIEDADE;2171988
2083493 SANTA CASA DE PONTAL;2172259
2083590 OM ANALISES CLINICAS SC LTDA;2172364
2083604 SANTA CASA DE AVARE;2173166
2083973 SANTA CASA DE GUARA;2178559
2083981 HOSPITAL ESTADUAL SUMARE;2181770
2084058 SANTA CASA MISER STACRUZ RIO PARDO;2184834
2084163 HOSPITAL ESTADUAL DE DIADEMA HOSPITAL SERR;2185520
2084171 HOSPITAL E MATERNIDADE SAO JOSE;2186969
2084228 SANTA CASA DE MISERICORDIA DONA CAROLINA M;2189941
2084252 SOBRAPAR CAMPINAS;2191164
2084414 SANTA CASA DE RIBEIRAO PRETO;2192896
2084422 SANTA CASA DE SAO PEDRO;2195437
2084430 HOSPITAL E MATERNIDADE MADRE VANNINI CONCH;2195453
2084473 HOSP MUN DR IGNACIO PROENCA DE GOUVEA;2195585
2085062 LABORATORIO MUNICIPAL DE ANALISES CLINICAS;2196972
2085194 HOSPITAL SAO FRANCISCO DE ASSIS;2200457
2086336 HOSPITAL E MATERNIDADE MAIRIPORA;2200473
2087057 HOSPITAL DOS FORNECEDORES DE CANA DE PIRAC;2205440
2087103 SOCIEDADE OPERARIA HUMANITARIA LIMEIRA;2206064
2087111 IRMANDADE DA SANTA CASA DE MISERICORDIA LO;2206382
2087219 HOSPITAL DE CLINICAS CAMPO LIMPO PAULISTA;2206528
2087618 HOSPITAL MUNICIPAL DE VOTORANTIM;2206595
2087715 HOSPITAL E MATERNIDADE MUNICIPAL GOVERNADO;2207664
2087804 HOSPITAL REGIONAL JORGE ROSSMANN DE ITANHA;2208172
2087928 LABORATORIO MUNICIPAL DE ANALISES CLINICAS;2208857
2088193 IRMANDADE DA STA CASA DE MISERICORD DE MOG;2209195
2088487 SANTA CASA DE NOVO HORIZONTE;2211254
2088495 INSTITUTO DANTE PAZZANESE DE CARDIOLOGIA I;2215586
2088576 HOSPITAL DE TRANSP DO EST DE SP EURYCLIDES;2218690
2089327 HOSPITAL PADRE ALBINO CATANDUVA;2218798
2089335 HOSP ESCOLA EMILIO CARLOS CATANDUVA;2219263
2089548 SANTA CASA DE PITANGUEIRAS;2219638
2089696 HOSPITAL GRAACC INSTITUTO DE ONCOLOGIA PED;2219646
2089785 HOSPITAL DO RIM E HIPERTENSAO;2219654
2090236 FUNDACAO PIO XII BARRETOS;2220326
2090333 SANTA CASA DE CERQUEIRA CESAR;2221772
2090961 HOSPITAL CARLOS FERNANDO MALZONI MATAO;2222043
2091267 SANTA CASA SANTA RITA DO PASSA QUATRO;2222140
2091364 INSTITUTO ADOLFO LUTZ SAO PAULO;2223155
2091542 AME AMBULATORIO MEDICO DE ESPECIALIDADES M;2223538
2091585 HOSPITAL ESTADUAL DE SAPOPEMBA SAO PAULO;2223546
2091755 HOSPITAL GERAL DE VILA PENTEADO DR JOSE PA;2225794
2092220 SOBECCAN RIBEIRAO PRETO;2227932
2092298 SANTA CASA DE ITU;2228610
2092395 HOSPITAL MUNICIPAL IBATE;2232014
2092611 SANTA CASA DE BARRETOS;2232022
2092980 HOSPITAL DE BASTOS;2232030
2093324 SANTA CASA DE FERNANDOPOLIS;2232049
2093332 SANTA CASA DE SANTA FE DO SUL;2232057
2093502 HOSPITAL SAO DOMINGOS NA PROV DE DEUS NHAN;2232073
2094215 INST DE PAT E CITOL PROF DR PAULO F L BECK;2232146
2096412 SANTA CASA DE MISERICORDIA DE JACAREI;2232154
2096463 SANTA CASA DE MOGI GUACU;2232995
2096498 HOSPITAL MUNICIPAL DR TABAJARA RAMOS;2235315
2096617 HOSPITAL ASSISTENCIAL MARIA CAVALOTTI NEVE;2235420
2097877 IRMANDADE DA SANTA CASA DE MISERICORDIA DE;2235447
2098016 PREVENT;2236362
2098326 HOSPITAL E MATERNIDADE SAO JOSE;2236370
2098369 HOSPITAL SANTO ANTONIO;2237253
2098407 HOSPITAL MUNICIPAL SANTANA DE CARANDAI;2237571
2098474 HOSPITAL POLICLINICA E MATERNIDADE DE BARB;2237601
2098504 CENTRO ACADEMICO MULTIPROF AGOSTINHO PAOLU;2239299
2098539 HOSPITAL MUNICIPAL FREI GABRIEL;2239302
2098911 IRMANDADE DA SANTA CASA DE MISERICORDIA DE;2239450
2098938 HOSPITAL IBIAPABA CEBAMS;2239884
2099152 CENTRO REF E ESPECIALIDADES DR ANTONIO J D;2240335
2099438 HOSPITAL SAO JOAO BATISTA;2241021
2099446 POLICLINICA DE VICOSA;2241048
2099454 HOSPITAL SAO SEBASTIAO;2244306
2099497 CISAMAPI;2244357
2100363 HOSPITAL NOSSA SENHORA DA CONCEICAO RIO CA;2245213
2105578 CENTRO DE ESPEC MEDICAS E ODONTO DR OVIDIO;2246740
2105780 HOSPITAL MANOEL GONCALVES;2246767
2109034 SANTA CASA DE MISERECORDIA DE SACRAMENTO;2246813
2109867 HOSPITAL MUNICIPAL MONSENHOR FLAVIO DAMATO;2246929
2110075 CLINICA MEMORIAL LTDA;2246961
2111152 INSTITUTO DE PATOLOGIA ALVARENGA;2246988
2111640 HOSPITAL NOSSA SENHORA DAS DORES;2248190
2111659 SANTA CASA DE MISERICORDIA DE LAVRAS;2248204
2112175 HOSPITAL VAZ MONTEIRO;2249308
2114763 HOSPITAL PADRE JULIO MARIA;2252260
2115662 SABARA HOSPITAL CRISTIANO MACHADO;2252287
2117037 NOVA LIMA HOSPITAL NOSSA SENHORA DE LOURDE;2252295
2118629 HOSPITAL SAO VICENTE DE PAULO;2252694
2118661 HOSPITAL BOM SAMARITANO;2253046
2118866 CENTRO MEDICO ANATOMIA PATOLOGICA E CITOLO;2253054
2119382 BIOCELULA;2253658
2119420 HOSPITAL MUNICIPAL SENHORA SANTANA;2254433
2119528 HOSPITAL DR MOISES MAGALHAES FREIRE;2254611
2120542 LAGOA SANTA HOSPITAL LINDOURO AVELAR;2254964
2122650 CASA DE CARIDADE LEOPOLDINENSE;2255936
2122677 HOSPITAL SAO SALVADOR;2257548
2126494 HOSPITAL PUBLICO REGIONAL PREFEITO OSVALDO;2257556
2126508 MATERNIDADE P MUNICIPAL HAYDE ESPEJO CONRO;2257564
2126796 HOSPITAL SAO VICENTE DE PAULO DE ABAETE;2257645
2127687 SANTA CASA DE MISERICORDIA DE ITAJUBA;2259907
2127989 HOSPITAL DAS CLIN SAMUEL LIBANIO POUSO ALE;2260050
2129469 SANTA CASA DE POCOS DE CALDAS;2261057
2129566 HOSPITAL SANTA LUCIA HOSPITAL DO CORACAO;2261987
2132877 HOSPITAL SAO CARLOS;2262045
2134276 HOSPITAL SAO VICENTE DE PAULO ARACUAI;2262274
2135132 SANTA CASA DE CARIDADE;2262568
2136945 HOSPITAL QUELUZ;2263858
2138875 SANTA CASA MISERICORDIA BARBACENA;2265052
2139200 SANTA CASA DE MISERICORDIA DO HOSP SAO FRA;2266474
2140217 HOSPITAL E MATERNIDADE VITAL BRAZIL;2268779
2142376 HOSPITAL SAO LUIZ DE FORMIGA;2268892
2142384 CENTRO MUNICIPAL DE ATENCAO A SAUDE DE FOR;2269341
2143674 HOSPITAL PROFESSOR BASILIO MOEMA;2269384
2143801 HOSPITAL SAO JOSE DE NOVA SERRANA;2269422
2143895 SANTA CASA DE ITAPECERICA;2269783
2144026 SANTA CASA DE MISERICORDIA DE SANTO ANTONI;2269821
2144166 HOSPITAL SENHORA APARECIDA DE LUZ;2269880
2144204 SANTA CASA DE MISERICORDIA CLAUDIO;2269899
2144298 HOSPITAL SAO JUDAS TADEU DE OLIVEIRA;2269988
2144530 HOSPITAL REGIONAL IMACULADA CONCEICAO;2272784
2145685 HOSPITAL E MATERNIDADE RENASCER;2273063
2145960 SANTA CASA DE MISERICORDIA DE ARAGUARI;2273284
2146339 AMBULATORIO AMELIO MARQUES;2273454
2146355 HOSPITAL DE CLINICAS DE UBERLANDIA;2273462
2146495 SANTA CASA DE MISERICORDIA DE MONTE SANTO;2273659
2146525 SANTA CASA DE PARAISO;2273748
2148293 HOSPITAL IMACULADA CONCEICAO;2275562
2149419 HOSPITAL SAO VICENTE DE PAULO RIO POMBA;2275635
2149990 HOSPITAL SANTA CASA DE MONTES CLAROS;2277409
2150581 INSTITUTO DE ANATOMIA PATOLOGICA E CITOPAT;2278286
2152118 CHECK UP LABORATORIO DE ANALISES CLINICAS;2278855
2152967 UAI TIBERY ANICE DIB JATENE;2279282
2153025 HOSPITAL MARIA JOSE BAETA REIS ASCOMCER;2280051
2153084 HOSPITAL E MATERNIDADE THEREZINHA DE JESUS;2280167
2153106 INSTITUTO ONCOLOGICO;2281384
2153114 IBG SAUDE;2283328
2153874 CITO SERVICO MEDICO ESPECIALIZADO;2284170
2153882 SANTA CASA DE MISERICORDIA DE JUIZ DE FORA;2287250
2154560 HOSPITAL E MATERNIDADE DR EUGENIO GOMES DE;2287285
2154633 LABORATORIO LUX VITAE LTDA;2287447
2157063 HOSPITAL WANDA ANDRADE DRUMMOND;2288109
2159252 HOSPITAL SAO JOAO DE DEUS;2288494
2161354 SANTA CASA DA MISERICORDIA DE SAO JOAO DEL;2288885
2163829 OURO PRETO SANTA CASA DE OURO PRETO;2288893
2164280 HOSPITAL MUNICIPAL MADALENA P CALIXTO;2290227
2164299 HOSPITAL DE SAO JOAO DE DEUS;2292386
2164620 SANTA SANTA CASA DE MISERICORDIA;2292629
2165058 HOSPITAL DOUTOR HELIO ANGOTTI;2292912
2168154 BIOCELL MEDICOS ASSOCIADOS LTDA;2294028
2168553 HOSPITAL SAO SEBASTIAO DE RAUL SOARES;2294923
2168707 HOSP SANTA CASA DE BOM DESPACHO;2295067
2171554 CELULA LABORATORIO DE ANATOMIA PATOLOGICA;2295407
2171945 SANTA CASA DE ALFENAS;2295415
2171988 HOSPITAL UNIVERSITARIO ALZIRA VELANO;2295423
2172259 HOSPITAL BOM JESUS;2296241
2172364 CENTRO DE ESPECIALIDADES MEDICAS CEM;2296306
2173115 UNICENTRO;2296616
2173166 HOSPITAL CESAR LEITE;2297795
2173565 HOSPITAL NOSSA SENHORA DAS MERCES;2301318
2178559 HOSPITAL SANTO ANTONIO;2301830
2178591 SANTA CASA DE MISERICORDIA DE POMPEU;2302101
2181770 HOSPITAL EDUARDO DE MENEZES;2302500
2184834 HOSPITAL BOM SAMARITANO;2303175
2185520 POLICLINICA MUNICIPAL DE FRANCISCO SA;2303892
2186969 CITODIAGNOSTICO;2305623
2189941 CENTRO DE ATENCAO ESPECIALIZADA IRIA DINIZ;2306077
2191164 CMI JUVENTINA PAULA DE JESUS COMPLEXO HOSP;2306220
2192896 HOSPITAL METROPOLITANO ODILON BEHRENS HOB;2306336
2193310 HOSPITAL MUNICIPAL ELIANE MARTINS;2306344
2195437 HOSPITAL SANTA ISABEL;2315793
2195453 HOSPITAL DO CANCER DE MURIAE;2319659
2195585 CLINICAS INTEGRADAS HOSPITAL UNIVERSITARIO;2323397
2196972 HOSPITAL SAO LUCAS;2324288
2196980 LABORATORIO CEPAC;2332671
2199602 LAPACI LAB ANATOMIA PATOLOGICA E CITOPATOL;2332736
2200260 CENTRO ESTADUAL DE ATENCAO ESPECIALIZADO;2332906
2200422 HOSPITAL MADRE TERESA;2332981
2200457 ASSOCIACAO MARIO PENNA;2333031
2200473 HOSPITAL MUNICIPAL DE CONTAGEM COMPLEXO HO;2333163
2205440 HOSPITAL MARCIO CUNHA;2334321
2205939 FUNDAJAN;2336545
2206064 HOSPITAL NOSSA SENHORA DA CONCEICAO;2337576
2206382 HOSPITAL ARNALDO GAVAZZA FILHO;2337835
2206528 HOSPITAL NOSSA SENHORA DAS GRACAS;2337908
2206595 HOSPITAL DE CLINICAS DA UFTM;2337940
2207664 HOSPITAL RAIMUNDO CAMPOS;2338270
2208156 HPS DR MOZART GERALDO TEIXEIRA;2338351
2208172 HOSPITAL SANTA ROSALIA;2338424
2208857 AISI HOSPITAL DE CLINICAS DE ITAJUBA;2338734
2209012 SIAP;2339099
2209195 HOSPITAL SANTA CASA DE PATROCINIO;2339110
2210924 HOSPITAL PHILADELFIA;2339722
2211254 HOSPITAL MUNICIPAL DR RAIMUNDO GOBIRA;2340992
2213982 ITABIRITO HOSPITAL SAO VICENTE DE PAULO;2345897
2215586 HOSPITAL NOSSA SENHORA DAS DORES;2358670
2218690 FSFX O S S HOSPITAL MUNICIPAL CARLOS CHAGA;2360640
2218798 HOSPITAL UNIVERSITARIO DA UFJF;2361787
2219263 INSTITUTO DE PATOLOGIA DO NORTE DE MINAS L;2365154
2219638 HOSPITAL AROLDO TOURINHO;2370816
2219646 HOSPITAL DILSON GODINHO;2371375
2219654 HOSPITAL UNIVERSITARIO CLEMENTE DE FARIA;2371634
2220326 LABORATORIO INTERLAB LTDA;2371707
2221772 HSVP JUIZ DE FORA;2371782
2222043 HOSPITAL MUNICIPAL;2376334
2222140 LABORATORIO ALBERT SABIN;2376474
2223538 HOSPITAL GERAL;2378523
2223546 HOSPITAL POMPEIA;2379333
2223562 HOSPITAL VIRVI RAMOS;2379384
2225794 HISTOMED;2384299
2227665 HOSPITAL BOM PASTOR;2385171
2227908 HOSPITAL SAGRADA FAMILIA;2396106
2227932 HOSPITAL BOM JESUS;2396866
2228610 HOSPITAL PIO XII SEBERI;2399180
2228726 HOSPITAL CARIDADE TRES PASSOS;2399741
2229307 HISTOLAB;2399776
2232014 HOSPITAL NOSSA SENHORA DAS GRACAS;2400243
2232022 HOSPITAL CENTENARIO;2400324
2232030 FUNDACAO DE SAUDE PUBLICA SAO CAMILO DE ES;2402076
2232049 HOSPITAL DOM JOAO BECKER;2406217
2232057 HOSPITAL REGINA NOVO HAMBURGO;2407205
2232073 HOSPITAL DE CAMPO BOM DR LAURO REUS;2408295
2232146 FUNDACAO DE SAUDE PUBLICA DE NOVO HAMBURGO;2409011
2232154 HOSPITAL SAPIRANGA;2409151
2232189 HOSPITAL SAO JOSE IVOTI;2409194
2232928 HOSPITAL DE CARIDADE DE CANGUCU;2410265
2232995 SANTA CASA DO RIO GRANDE;2415410
2234416 HOSPITAL DE CARIDADE DR VICTOR LANG;2419378
2234432 HOSPITAL SANTA BARBARA;2420015
2235315 HOSPITAL SANTA RITA D JABOTICABA;2421518
2235404 HOSPITAL COMUNITARIO SARANDI;2423529
2235412 HOSPITAL DOS TRABALHADORES ATRA;2427419
2235447 HOSPITAL PADRE EUGENIO;2427427
2236362 HOSPITAL CANDELARIA;2429004
2236370 HOSPITAL SAO SEBASTIAO MARTIR;2430096
2237121 HOSPITAL SANATORIO PARTENON;2430711
2237253 IRMANDADE DA SANTA CASA DE MISERICORDIA DE;2430843
2237571 HOSPITAL NOSSA SENHORA DA CONCEICAO SA;2436450
2237601 HOSPITAL DE CLINICAS;2436469
2239302 MOREIRA JUNIOR LABORATORIO DE PAT E CIT EI;2439093
2239450 CPM CENTRO DE PATOLOGIA MEDICA;2439360
2239884 CENTRO CLINICO DA UNIVERSIDADE DE CAXIAS D;2441675
2240335 HOSPITAL SAO CARLOS;2442019
2241021 HOSPITAL TACCHINI;2442108
2241072 HOSPITAL SAO JOSE;2448521
2241137 HOSPITAL SAO ROQUE;2459647
2241145 HOSPITAL FATIMA;2464594
2241226 HOSPITAL BENEFICENTE SAO JOAO BOSCO;2465825
2244306 HOSPITAL UNIVERSITARIO SANTA MARIA;2465833
2244357 HOSPITAL DE CARIDADE DE SANTIAGO;2470942
2245213 INSTITUTO DE PATOLOGIA DE PASSO FUNDO E OU;2476533
2246740 HOSPITAL SANTO ANTONIO;2477955
2246767 HOSPITAL SAO JOAO SANANDUVA;2479958
2246783 HOSPITAL ROQUE GONZALES TAPERA;2481286
2246791 HOSPITAL SAO JOSE;2485680
2246813 HOSPITAL NOTRE DAME SAO SEBASTIAO;2489074
2246910 HOSPITAL ALTO JACUI NAO ME TOQUE;2491249
2246929 HOSPITAL DE CLINICAS DE PASSO FUNDO;2491400
2246961 HOSPITAL FREI CLEMENTE SOLEDADE;2491710
2246988 HOSPITAL SAO VICENTE DE PAULO;2492342
2246996 HOSPITAL MUNICIPAL PASSO FUNDO;2494442
2248190 SANTA CASA DE URUGUAIANA;2497077
2248204 SANTA CASA DE SAO GABRIEL;2497654
2248298 HOSPITAL IVAN GOULART;2497751
2249308 MEDICINA DIAGNOSTICA;2499363
2250675 HOSPITAL SANTO AFONSO;2504316
2252163 HOSPITAL BENEFICENTE SAO JOAO ARVOREZINHA;2504332
2252198 HOSPITAL SAO JOSE ARROIO DO MEIO;2506815
2252228 HOSPITAL SANTA TERESINHA ENCANTADO;2506858
2252244 HOSPITAL OURO BRANCO;2507110
2252260 HOSPITAL ESTRELA;2512882
2252287 HOSPITAL BRUNO BORN;2515377
2252295 SOCIEDADE PORTUGUESA DE BENEFICENCIA;2517906
2252694 HOSPITAL ESCOLA DA UFPEL;2519119
2253046 UCPEL HOSPITAL UNIVERSITARIO SAO FRANCISCO;2521296
2253054 SANTA CASA DE MISERICORDIA DE PELOTAS;2521504
2253658 AMBULATORIO DA FACULDADE DE ODONTOLOGIA UF;2521792
2254433 LABORATORIO DE PATOLOGIA NOROESTE LTDA;2522411
2254611 HOSPITAL VIDA SAUDE;2522691
2254964 HOSPITAL SANTA CRUZ;2525569
2255847 LABORATORIO DE PATOLOGIA ROCHA E GONZATTI;2525933
2255871 OBJETIVA;2528843
2255928 HOSPITAL MONTE ALVERNE;2529149
2255936 HOSPITAL ANA NERY;2531348
2257548 HOSPITAL NOSSA SENHORA APARECIDA DE CAMAQU;2534444
2257556 HOSPITAL MONTENEGRO;2535939
2257645 HOSPITAL SAO PEDRO;2536366
2259907 HOSPITAL SANTO ANGELO;2537192
2260050 HOSPITAL NOSSA SENHORA DO ROSARIO;2537788
2260069 HOSPITAL SAO JOSE;2543044
2261057 HOSPITAL DE CARIDADE DE IJUI;2546647
2261065 HOSPITAL BOM PASTOR;2547821
2261987 SANTA CASA DE CARIDADE DE BAGE;2550032
2262045 CENTRO DE ESPECIALIDADES MEDICAS CARAZINHO;2550792
2262274 HOSPITAL DE CARIDADE DE CARAZINHO;2550911
2262568 HOSPITAL SAO LUCAS DA PUCRS;2558017
2263858 HOSPITAL DE CARIDADE SAO VICENTE DE PAULO;2558246
2265052 HOSPITAL FEMINA;2558254
2266474 HOSPITAL DE CARIDADE E BENEFICENCIA;2559404
2266547 LABORATORIO DE PATOLOGIA CIRURGICA CITOPAT;2560747
2266733 HOSPITAL MUNICIPAL CONDE MODESTO LEAL;2560771
2267187 HOSPITAL FLAVIO LEAL;2561379
2268779 CENTRO DE TERAPIA ONCOLOGICA SC LTDA;2561492
2268892 LABORATORIO SAO JOAO BATISTA;2563681
2269341 SMS HOSPITAL MUNICIPAL JESUS AP 22;2564211
2269384 HOSPITAL FEDERAL DO ANDARAI;2568349
2269422 CLINICA DE RADIOTERAPIA OSOLANDO J MACHADO;2568373
2269457 CLINICA DE RADIOTERAPIA OSOLANDO J MACHADO;2568713
2269481 SMS HOSPITAL MUNICIPAL DA PIEDADE AP 32;2573172
2269783 UERJ HOSPITAL UNIV PEDRO ERNESTO;2576341
2269821 MS INCA II HOSPITAL DO CANCER II;2577623
2269880 MS HGB HOSPITAL GERAL DE BONSUCESSO;2578476
2269899 HOSPITAL MARIO KROEFF;2578670
2269953 SMS CMS SALLES NETTO AP 10;2580055
2269988 MS HSE HOSPITAL DOS SERVIDORES DO ESTADO;2582716
2270234 SESDEC HOSPITAL ESTADUAL GETULIO VARGAS;2586169
2272784 HOSPITAL MUNICIPAL RAUL SERTA;2586797
2273063 LABORATORIO DOM BOSCO;2587335
2273284 MS INCA SITEC SERV CITOPATOLOGIA;2589532
2273357 HOSPITAL ADVENTISTA SILVESTRE;2589567
2273454 MS INCA HOSPITAL DO CANCER I;2589605
2273462 MS INCA HOSPITAL DO CANCER III;2591049
2273659 MS HOSPITAL FEDERAL DA LAGOA;2593262
2273748 HUV HOSPITAL UNIVERSITARIO DE VASSOURAS;2594277
2275562 HOSPITAL ALCIDES CARNEIRO;2594366
2275635 HOSPITAL SANTA TERESA;2594714
2277409 CDL CENTRO DE DIAG LABORATORIO DE IMBARIE;2595265
2278286 HOSPITAL SANTA IZABEL;2600536
2278855 HOSPITAL SAO JOSE DO AVAI;2601680
2279282 LABORATORIO CIPA;2603012
2280051 SANTA CASA DE MISERICORDIA DE BARRA MANSA;2605473
2280132 MS INC INSTITUTO NACIONAL DE CARDIOLOGIA;2611686
2280167 HOSPITAL UNIVERSITARIO CLEMENTINO FRAGA FI;2612615
2280868 HOSPITAL E MATERNIDADE DE ANGRA DOS REIS H;2619717
2281201 LABORATORIO ANGRALAB;2639009
2281384 HOSPITAL DE PRAIA BRAVA;2639637
2281821 INSTITUTO ONCOLOGICO;2639661
2283328 HOSPITAL ARMANDO VIDAL;2642549
2287250 SOCIEDADE PORTUGUESA DE BENEFICENCIA DE CA;2644975
2287285 HOSPITAL DR BEDA;2646536
2287382 SANTA CASA DE MISERICORDIA DE CAMPOS;2646943
2287447 HOSPITAL ESCOLA ALVARO ALVIM;2647214
2287919 CASA DE CARIDADE SANTA RITA;2649527
2287927 HOSPITAL E MATERNIDADE MARIA DE NAZARE;2651394
2288109 HOSPITAL MUNICIPAL VICTOR DE SOUZA BREVES;2653982
2288338 INI FIOCRUZ;2654245
2288494 AMBULATORIO ESPECIALIZADO DA MULHER DRA ZI;2655411
2288885 SANTA CASA DE MISERICORDIA DE RESENDE;2655519
2288893 HOSPITAL MUNICIPAL HENRIQUE SERGIO GREGORI;2656930
2290227 HOSPITAL MUNICIPAL ADAO PEREIRA NUNES;2659107
2292386 HOSPITAL SAO JOSE;2659417
2292505 CENTRO DE PATOLOGIA DE TERESOPOLIS;2662914
2292629 LABORATORIO TINOCO;2664747
2292912 HOSPITAL ESCOLA LUIZ GIOSEFFI JANNUZZI;2664771
2294028 LABORATORIO ARARUAMA;2665735
2294923 HOSPITAL DE CLINICAS NOSSA SENHORA DA CONC;2665867
2295067 INSTITUTO ESTADUAL DE HEMATOLOGIA ARTHUR S;2665883
2295415 HOSPITAL UNIVERSITARIO GAFFREE E GUINLE;2666731
2295423 MS HOSPITAL FEDERAL CARDOSO FONTES;2673916
2296241 HOSPITAL REGIONAL DARCY VARGAS;2673932
2296306 SMS HOSPITAL MUNICIPAL SALGADO FILHO AP 32;2676060
2296616 UFRJ IPPMG INST DE PUER PED MARTAGAO GESTE;2679736
2297795 HOSPITAL DAS CLINICAS DE TERESOPOLIS;2680041
2298031 SES RJ HOSPITAL ESTADUAL ALBERTO TORRES GE;2686791
2299569 INSTITUTO MARIA SCHMITT;2686953
2300184 HOSPITAL SAO ROQUE DE LUZERNA;2687127
2301318 HOSPITAL MUNICIPAL DE TEIXEIRA DE FREITAS;2688433
2301830 HOSPITAL MAICE;2688573
2302101 HOSPITAL HELIO ANJOS ORTIZ;2688689
2302500 HOSPITAL SALVATORIANO DIVINO SALVADOR;2691485
2303175 CERES CENTRO DE REFERENCIA ESPECIALIZADA;2691515
2303892 HOSPITAL SAO FRANCISCO;2691868
2304155 HOSPITAL SAO ROQUE DE SEARA;2695324
2305534 HOSPITAL SAO JUDAS TADEU;2697696
2305623 HOSPITAL NOSSA SENHORA DE FATIMA;2698439
2306077 HE INSTITUTO DE PATOLOGIA LTDA;2699915
2306220 POLICLINICA DE ESPECIALIDADES DR JOAO BIRO;2701464
2306336 HOSPITAL SAO JOSE;2704900
2306344 HOSPITAL JARAGUA;2705222
2307006 SARAH SAO LUIS;2705982
2311682 HOSPITAL SANTA HELENA;2707675
2315793 HOSPITAL ESCOLA DA FAP;2707918
2319659 HOSPITAL GERAL DE RORAIMA HGR;2708353
2323397 MATERNIDADE DONA EVANGELINA ROSA;2708779
2323559 HOSPITAL SANTA CRUZ;2709848
2324288 HOSP LOCAL DE LUZILANDIA;2710935
2328798 HOSPITAL DAS CLINICAS DE ANANINDEUA;2712105
2332671 HOSPITAL D LUIZ I;2716097
2332736 LABORATORIO GUADALUPE;2716801
2332906 PATOLOGOS;2723158
2332981 HOSPITAL UNIVERSITARIO JOAO DE BARROS BARR;2723190
2333031 HOSPITAL DE CLINICAS GASPAR VIANA;2723220
2333139 RAINERO MAROJA P CL LTDA;2726653
2333163 LACEN UNIDADE DE REFERENCIA LABORATORIO CE;2726971
2333228 HOSPITAL SANTA CLARA;2726998
2334321 HOSPITAL OPHIR LOYOLA;2735989
2336545 CIPAC;2737434
2337525 IMEC;2737469
2337576 HOSPITAL SAO PIO X;2738279
2337835 LABORATORIO BIOCITO;2738287
2337908 LABORATORIO PREVENCAO;2738309
2337940 CENTRO DE ANATOMIA PATOLOGICA E CITOLOGIA;2738368
2338114 HOSPITAL SANTA LUCIA;2738589
2338270 LABORATORIO ALPHA;2740338
2338351 SANTA CASA DE MISERICORDIA DE GOIANIA;2740435
2338424 HOSPITAL DAS CLINICAS;2741989
2338629 FACULDADE DE ODONTOLOGIA;2742047
2338734 HOSPITAL ESTADUAL DR ALBERTO RASSI HGG;2742071
2339099 INGOH INSTITUTO GOIANO DE ONCOLOGIA E HEMA;2742098
2339110 GASTRO SALUSTIANO HOSPITAL;2743469
2339218 HOSPITAL SAO FRANCISCO;2744724
2339722 HOSPITAL DA CRIANCA;2744937
2340895 UNIDADE DE REFERENCIA ESPECIALIZADA EM SAU;2744961
2340992 HOSPITAL ORDEM TERCEIRA;2745402
2345897 LABORATORIO DE CITO E ANATOMOPATOLOGIA;2745798
2358670 LABORATORIO GARAVELO;2748029
2360640 LABOPACC;2748223
2361787 SANTA CASA DE MISERICORDIA DE ANAPOLIS;2748568
2362953 PATOLOGIA F DINIZ;2749149
2365146 HOSPITAL REGIONAL TIBERIO NUNES;2749319
2365154 SANTA CASA DE MISERICORDIA DE PHB;2750988
2370816 SOCIEDADE BENEFICENTE DONA ELMIRIA SILVERI;2751704
2371197 HOSPITAL MUNICIPAL DE IVINHEMA;2752654
2371243 FUNDACAO SERVICOS DE SAUDE DE NOVA ANDRADI;2752700
2371375 HOSPITAL EVANGELICO DR SRA GOLDSBY KING;2752743
2371634 FERNANDO NEGREIROS ANATOMIA PATOLOGICA;2753278
2371707 HOSPITAL WILSON ROSADO;2754738
2371782 SANTA CASA DE BATAGUASSU;2754843
2375850 SANTA CASA DE MISERICORDIA DE PARANAIBA;2755130
2376334 SANTA CASA DE CORUMBA;2755742
2376458 HOSPITAL SAO VICENTE DE PAULA;2756307
2376474 HOSPITAL JOAO BIGATON;2756749
2377829 HOSPITAL BOM JESUS;2756951
2379333 HOSPITAL SAO VICENTE DE PAULO;2757761
2379341 MATERNIDADE DONA CATARINA KUSS;2758164
2379384 LABORATORIO LUZ;2758245
2379767 FUNDACAO HOSPITALAR DR JOSE ATHANAZIO;2759306
2384299 COMPLEXO DO HOSPITAL DE CLINICAS DA UFPR H;2759616
2385171 HOSPITAL DE BASE LUIS EDUARDO MAGALHAES;2760452
2385880 HOSPITAL SAO CAMILO;2760584
2396106 HOSPITAL MUNICIPAL CORACAO DE JESUS;2760657
2396866 SANTA CASA DE RONDONOPOLIS;2760703
2397684 HOSPITAL E MATERNIDADE SAO JOAO BATISTA;2761041
2399180 LABORATORIO IVAN RODRIGUES;2761092
2399741 FUNDACAO NAPOLEAO LAUREANO;2761238
2399776 HOSPITAL SAO VICENTE DE PAULO;2764776
2400243 HOSPITAL UNIVERSITARIO LAURO WANDERLEY;2764814
2400324 HOSPITAL EDSON RAMALHO;2765640
2402076 HOSPITAL GERAL DE VITORIA DA CONQUISTA;2765934
2406217 LAPAC;2765942
2407205 SAMUR;2769646
2408295 LABORATORIO RUDOLF VIRCHOW;2772280
2408570 HOSPITAL DR JOSE PEDRO BEZERRA;2772310
2409011 DEPARTAMENTO DE ODONTOLOGIA;2772566
2409151 HOSPITAL INFANTIL VARELA SANTIAGO;2775999
2409194 HOSPITAL DR LUIZ ANTONIO;2777460
2409208 MATERNIDADE ESCOLA JANUARIO CICCO;2778769
2410265 CENTRO DE ONCOLOGIA E HEMATOLOGIA DE MOSSO;2778858
2410281 HOSPITAL MATERNIDADE ALMEIDA CASTRO;2780143
2411393 HOSPITAL REGIONAL SAO PAULO ASSEC;2781816
2415410 SERVICO INTEGRADO EM DIAGNOSE;2781859
2418304 HOSPITAL NOSSA SENHORA DA CONCEICAO;2783800
2418398 CENTRO DE SAUDE CENTRAL;2784602
2418665 HOSPITAL DE CAMETA;2785382
2418967 HOSPITAL MONSENHOR JOSE LOCKS DE SAO JOAO;2786117
2419378 HOSPITAL DE CARIDADE SAO ROQUE;2786435
2419653 HOSPITAL NOSSA SENHORA DA CONCEICAO HNSC;2786680
2420015 FUNDACAO SOCIAL HOSPITALAR DE ICARA;2789582
2423529 HOSPITAL REGIONAL AMPARO DE MARIA;2790602
2426579 HOSPITAL MUNICIPAL ESTEVAM PONTE;2790734
2427419 HOSPITAL REGIONAL DO AGRESTE DR WALDEMIRO;2791722
2427427 HOSPITAL BARAO DE LUCENA;2792176
2429004 APAMI DE VITORIA DE SANTO ANTAO;2792974
2430096 HISTOTEC PATOLOGIA;2793237
2430711 HOSPITAL DOM MALAN;2795671
2430843 IRWAM;2798298
2436450 HOSPITAL REGIONAL HANS DIETER SCHMIDT;2799286
2436469 HOSPITAL MUNICIPAL SAO JOSE;2802090
2436477 MATERNIDADE DARCY VARGAS;2802104
2439093 RBX PATOLOGIA DIAGNOSTICA;2802112
2439263 HNSG HOSPITAL PROVIDENCIA MATERNO INFANTIL;2802783
2439360 HNSG HOSPITAL DA PROVIDENCIA;2813793
2441675 MATERNIDADE DR ADALBERTO PEREIRA DA SILVA;2814439
2442019 HOSPITAL SAGRADO CORACAO DE JESUS NEROPOLI;2815125
2442108 HOSPITAL EVANGELICO GOIANO SA;2816210
2442116 HOSPITAL NOSSA SENHORA APARECIDA ANAPOLISG;2819228
2445794 CASA DA MULHER;2825589
2447886 CASA DE CARIDADE SAO JOSE;2881063
2448521 HOSPITAL SAO JOSE;2946548
2456443 CITOLAB LABORATORIO DE CITOPATOLOGIA E ANA;2948478
2459647 POLICLINICA DO DIAMANTE;3004791
2464594 HOSPITAL DE REF EST DE ALTA COMPLEXIDADE D;3005011
2465825 HOSPITAL GERAL DE LINHARES HGL;3008371
2465833 HOSPITAL RIO DOCE;3008827
2467909 LABORATORIO DA SEMUS;3012212
2470942 IAPCC;3019993
2476533 POLICLINICA MONSENHOR AUSONIO DE ARAUJO FI;3021114
2477661 HOSPITAL DR PEDRO GARCIA MORENO;3023052
2477955 HOSPITAL DA CRIANCA DR JOSE MACHADO DE SOU;3049027
2479958 HEMOCE CENTRO DE HEMATOLOGIA E HEMOTERAPIA;3052850
2481286 MATERNIDADE ESCOLA ASSIS CHATEAUBRIAND;3062503
2484226 US SAO MATEUS US3 CENTRO DE SAUDE;3075516
2484560 CENTRO DE SAUDE EUCLIDES PEREIRA DOS SANTO;3126838
2485680 SANTA CASA DE MISERICORDIA DE CACHOEIRO DE;3139050
2485931 LABORATORIO LABORTEL LTDA;3145425
2489074 MICRO;3157245
2490935 HOSPITAL FELIX DA COSTA GOMES;3157369
2491249 HOSPITAL SANTA CRUZ DE CANOINHAS;3163733
2491400 DIPREVER;3200116
2491710 HOSPITAL NOSSA SENHORA DA CONCEICAO;3212130
2492342 HOSPITAL SANTO ANTONIO GUARAMIRIM;3277062
2494167 HOSPITAL REGIONAL MATERNIDADE IRMA RITA DE;3285391
2494442 HOSPITAL EVANGELICO DE VILA VELHA;3287009
2497077 ARSS CRE FRANCISCO BELTRAO;3329186
2497654 HGF HOSPITAL GERAL DE FORTALEZA;3339238
2497751 SARAH SALVADOR;3342069
2499363 HGCC HOSPITAL GERAL DR CESAR CALS;3369293
2503824 HOSPITAL E MATERNIDADE ZACARIAS JUNIOR;3389375
2504316 HOSPITAL NOSSA SENHORA DOS PRAZERES;3400557
2504332 HOSPITAL E MATERNIDADE TEREZA RAMOS;3477371
2506815 HOSPITAL DE CANCER;3486737
2506858 HOSPITAL E MATERNIDADE DONA IRIS;3488322
2507110 CENTRO DE ANATOMIA PATOLOGICA E CITOLOGIA;3488330
2512882 SAIS SERVICO DE ATENDIMENTO INTEGRAL A SAU;3498441
2513838 HOSPITAL E MATERNIDADE RIO DO TESTO;3508528
2515377 INSTITUTO SAO PELLEGRINO;3510247
2517566 LABORATORIO SEKULA;3513416
2517906 PROMEDICO LABORATORIO CLINICO;3539865
2518880 LABORATORIO CITO CENTER;3563146
2519038 SALUTI DIAGNOSTICO MEDICO;3634949
2519119 LABORATORIO OSWALDO CRUZ;3654826
2519151 HOSPITAL SANTA CATARINA;3668770
2521296 HOSPITAL BETHESDA;3675580
2521377 CAPI CENTRO DE ANATOMIA PATOLOGICA E IMUNO;3722252
2521504 CEDAP;3771016
2521695 HOSPITAL RIO NEGRINHO;3774554
2521792 HOSPITAL E MATERNIDADE SAGRADA FAMILIA;3823962
2521873 HOSPITAL BEATRIZ RAMOS;3900940
2522209 HOSPITAL MISERICORDIA;3971945
2522411 HOSPITAL AZAMBUJA;3972925
2522691 HOSPITAL E MATERNIDADE MARIETA KONDER BORN;3988015
2525569 HOSPITAL MANOEL NOVAES;3995860
2525933 HOSPITAL DR HEITOR GUEDES DE MELLO;4001303
2528843 HOSPITAL DISTRITAL DR FERNANDES TAVORA;4005775
2531348 HOSPITAL SAO RAFAEL;4009444
2534444 HOSPITAL DE CANCER DE MATO GROSSO;4028155
2535246 PAPANICOLAU SAUDE LABORATORIO DE ANATOMIA;4028414
2535939 HOSPITAL SAO COTTOLENGO;4034236
2536366 CENTRO DE PREVENCAO PREVEN;4042085
2537192 HOSPITAL E MATERNIDADE OASE;4044916
2537788 HOSPITAL REGIONAL DO OESTE;4049020
2542986 INSTITUTO DE ANATOMIA PATOLOGICA E CITOLOG;4055748
2543044 HOSPITAL SAO BRAZ;4061314
2546612 SABIN MEDICINA DIAGNOSTICA;5029570
2546647 MARIO NETTO MEDICINA LABORATORIAL GURUPI;5061989
2546752 UNIDADE DE SAUDE HILTON LOPES VIEIRA;5094461
2547767 POLICLINICA MUNICIPAL BOLIVAR DE ABREU;5133718
2547821 HOSPITAL EVANGELICO DE CACHOEIRO DE ITAPEM;5173701
2550032 HOSPITAL E MATERNIDADE NOSSA SENHORA APARE;5194490
2550792 HOSPITAL EVANGELICO DE LONDRINA;5195756
2550911 LABORATORIO SAO LUCAS;5200105
2552086 HOSPITAL MATERNIDADE SAO VICENTE DE PAULO;5205905
2553155 HOSPITAL DA FUNDACAO;5258138
2555646 HOSPITAL REGIONAL DE SAO JOSE DRHOMERO MIR;5329922
2555840 FUNDACAO HOSPITALAR SANTA OTILIA;5335426
2557819 IPA;5336163
2558017 HOSPITAL DE CARIDADE S B J DOS PASSOS;5370205
2558246 HOSPITAL SANTA ISABEL;5373190
2558254 HOSPITAL SANTO ANTONIO;5412447
2558262 HOSPITAL MUNICIPAL FRANCISCA ORTEGA;5420938
2559404 LABORATORIO DIAGNOSE CUNHA LTDA EPP;5453577
2560747 INSTITUTO DE PATOLOGIA JOACABA;5478898
2560771 HOSPITAL UNIVERSITARIO SANTA TEREZINHA;5519608
2561379 IPC INSTITUTO DE PREVENCAO DO CANCER;5519926
2561492 HOSPITAL UNIVERSITARIO WALTER CANTIDIO;5585422
2563681 HIAS HOSPITAL INFANTIL ALBERT SABIN;5597501
2564211 HOSPITAL MATERNIDADE SAO VICENTE DE PAULO;5599504
2568349 HOSPITAL REGIONAL DE CARIDADE NOSSA SRA AP;5603145
2568373 ASSOCIACAO DE PROTECAO A MATERNIDADE E A I;5610044
2568713 HOSPITAL REGIONAL ALTO VALE;5610699
2569191 UNIDADE DE SAUDE ETHEVALDO FRANCISCO ROLDI;5618401
2571811 HOSPITAL NOSSA SENHORA APARECIDA;5662648
2573172 HOSPITAL DR AURELIO;5664675
2576198 IRMANDADE SANTA CASA DE ARAPONGAS;5717515
2576341 HONPAR HOSPITAL NORTE PARANAENSE;5718368
2577623 HCL HOSPITAL DO CANCER DE LONDRINA;5744148
2577682 MICROPAR;5753058
2577763 HOSPITAL DOUTOR EULALINO IGNACIO DE ANDRAD;5828856
2578247 LAB IMAGEM DIAGNOSTICO AVANCADO EM MEDICIN;5844843
2578476 CLINILAB;5851009
2580055 ISCAL;5860490
2582449 SANTA CASA DE CORNELIO PROCOPIO;5869412
2582716 HOSPITAL E MATERNIDADE NOSSA SENHORA DA LU;5887623
2584573 FUNDACAO HOSPITALAR DA FRONTEIRA PRANCHITA;5908418
2586142 HOSPITAL MEMORIAL UNINGA;5914981
2586169 HOSPITAL DO CANCER DE MARINGA;5922216
2586797 RADIOTERAPIA BOM SAMARITANO;5922402
2587335 HOSPITAL UNIVERSITARIO REGIONAL DE MARINGA;5925282
2587750 POSTO DE SAUDE CENTRAL DE IVAIPORA;5967945
2589265 HOSPITAL ESTADUAL DE ITUMBIARA SAO MARCOS;5973635
2589532 CLINICA SANTA MONICA;5995280
2589567 CENTRO DIAG E LAB CECILIA;6019641
2589605 HOSPITAL SAO SILVESTRE;6020917
2590182 INSTITUTO LUCENA SANCHEZ;6048692
2591049 HOSPITAL MINISTRO COSTA CAVALCANTI;6053858
2591111 INCELL;6056148
2592746 HOSPITAL E MATERNIDADE FLAVIO RIBEIRO COUT;6095666
2593262 HOSPITAL DE EMERGENCIA E TRAUMA SENADOR HU;6102174
2593912 HOSPITAL E MATERNIDADE CATARATAS;6123740
2594021 INSTITUTO INTERNACIONAL DE PATOLOGIA;6123791
2594277 HOSPITAL MATERNO INFANTIL SANTA CATARINA;6201059
2594366 INSTITUTO NOSSA SENHORA APARECIDA;6212581
2594439 PREVENCAO DIAGNOSE;6233848
2594714 SANTA CASA DE MARINGA HOSPITAL E MAT M AUX;6236596
2595125 INSTITUTO MEDICO NOSSA VIDA DE CORONEL VIV;6239900
2595265 ASSOCIACAO SAUDE DE MANGUEIRINHA;6248624
2598116 HISTOTEC;6250564
2600536 HOSPITAL REGIONAL DE ARAGUAINA;6269680
2601680 HOSPITAL DOM PEDRO DE ALCANTARA;6284930
2603012 HOSPITAL SANTA RITA DE CASSIA;6287557
2605473 COMPLEXO HOSPITALAR DEP JANDUHY CARNEIRO;6289304
2611686 HOSPITAL CURA DARS;6294049
2612615 UCD UNID CAMPINENSE DE DIAGNOSTICO LTDA;6303153
2615835 HOSPITAL ANITA GEROSA;6343279
2619717 HOSPITAL DA DIVINA PROVIDENCIA;6361994
2621614 HOSPITAL REGIONAL DE TUCURUI;6365213
2638932 HOSPITAL MUNICIPAL ANTONIO XAVIER SOBRINHO;6424341
2639009 CASA DE SAUDE PERPETUO SOCORRO;6426204
2639262 HOSPITAL E MATERNIDADE SANTA MARIA;6427286
2639637 DIAGNOSE;6432530
2639661 CITOPAR;6476058
2641208 LAPS;6479200
2642549 ESPACO VITALE VITALAB;6497489
2644975 HOSPITAL BATISTA MEMORIAL;6511333
2646536 HOSPITAL DE CANCER DO MARANHAO DR TARQUINI;6523536
2646773 HOSPITAL ADVENTISTA DE CAMPO GRANDE UNIDAD;6534694
2646943 HOSPITAL SORIANO CORREA DA SILVA;6542638
2647214 PATOGENE PATOLOGIA DIAGNOSTICA;6568459
2649527 HOSPITAL DE APOIO DE BRASILIA HAB;6583326
2651394 SANTA CASA DE MISERICORDIA DE FORTALEZA;6599877
2651505 HOSPITAL MUNICIPAL LOURIVAL NASCIMENTO DA;6601804
2651610 HOSPITAL REGIONAL DR JOSE DE SIMONE NETTO;6602533
2653982 HUOL HOSPITAL UNIVERSITARIO ONOFRE LOPES;6604862
2654245 LABORATORIO DE CITOPATOLOGIA;6607179
2655071 PAULO CESAR FIGUEIREDO ASSOCIADOS;6618561
2655411 HOSPITAL UNIVERSITARIO JULIO MULLER EBSERH;6639658
2655519 SANTA CASA DE MISERICORDIA DE CUIABA;6655416
2656930 HOSPITAL RIO GRANDE;6669727
2658372 INSTITUTO SANTE HOSPITAL DE DIONISIO CERQU;6683134
2659107 HOSPITAL GERAL;6710158
2659417 HOSPITAL DA CIDADE;6777716
2659603 HOSPITAL MUNICIPAL JOSE VALDIR ANTUNES DE;6820158
2662914 HOSPITAL SEARA DO BEM MATERNO E INFANTIL;6876617
2664747 DELL EUGENIO CLINICA E LABORATORIO;6895263
2664771 LABORATORIO SILVIO PINHEIRO DE LEMOS;6908268
2665735 LABORATORIO MUNICIPAL NAILDE DANTAS;6920217
2665778 HOSPITAL DO SERIDO;6943284
2665867 POLICLINICA MUNICIPAL DE BRACO DO NORTE;6956718
2665883 HOSPITAL SANTA TERESINHA;6972721
2666731 HOSPITAL SAO FRANCISCO;7016654
2672839 HOSPITAL DOM JOAQUIM IMAS;7025734
2673916 SARAH BRASILIA;7026137
2673932 CRER;7033702
2676060 HOSPITAL UNIVERSITARIO ALCIDES CARNEIROUFC;7039344
2679736 ASSOCIACAO BENEFICENTE SAO FRANCISCO DE AS;7049730
2680041 LABORATORIO DE ANATOMIA PATOLOGICA E CITOP;7058616
2686791 HOSPITAL DO CORACAO BOM JESUS;7066376
2686953 SANTA CASA DE MISERICORDIA DE PONTA GROSSA;7068336
2687127 HOSPITAL REGIONAL DO LITORAL;7083106
2688433 COMPLEXO HOSPITALAR SANTA CASA BRAGANCA PA;7095465
2688573 HOSPITAL GERAL DE VILA NOVA CACHOEIRINHA S;7105088
2688689 SANTA CASA DE SAO PAULO HOSPITAL CENTRAL S;7176090
2691469 HOSPITAL DE PENHA;7185081
2691485 HOSPITAL DE GASPAR;7188676
2691515 HOSPITAL REGIONAL DEPUTADO AFFONSO GHIZZO;7205686
2691523 HOSPITAL CIRURGICO CAMBORIU;7267975
2691558 HOSPITAL SAO MARCOS;7278608
2691868 HOSPITAL INFANTIL JOANA DE GUSMAO;7286082
2693801 ASSOCIACAO HOSPITALAR VILA NOVA;7287380
2694751 HOSPITAL UNIVERSITARIO BETTINA FERRO DE SO;7319770
2695324 HOSPITAL DA BALEIA;7322879
2697696 INSTITUTO MARANHENSE DE ONCOLOGIA ALDENORA;7366108
2698439 AMBESP NELSON TEIXEIRA;7373465
2699915 SANTA CASA DE VINHEDO;7400926
2701464 CIS AMOSC;7401698
2701626 MATER CLIN;7403992
2702193 SANTA CASA DE MISERICORDIA DE UBATUBA;7430264
2704900 HOSPITAL UNIVERSITARIO SAO FRANCISCO NA PR;7438222
2705222 SANTA CASA DE MOCOCA MOCOCA;7442246
2705737 HOSPITAL SAO VICENTE DE PAULO;7471955
2705982 SANTA CASA DE FRANCA;7473702
2706563 HCM;7486596
2707632 HOSPITAL MUNICIPAL GETULIO VARGAS;7559461
2707675 HOSPITAL UNIVERSITARIO DR MIGUEL RIET CORR;7560435
2707918 FUNDACAO HOSPITALAR SANTA TEREZINHA DE ERE;7695373
2707950 HOSPITAL BENEFICENTE NOSSA SENHORA DOS NAV;7725019
2707969 HOSPITAL BENEFICIENTE SANTA LUZIA;7795203
2708353 IFF FIOCRUZ;7826060
2708639 INSTITUTO DE PATOLOGIA DE SOROCABA;7845138
2708779 SANTA CASA DE SOROCABA;7866801
2709848 HOSPITAL MARGARIDA;7868863
2710935 EBSERH HOSPITAL UNIVERSITARIO GRANDE DOURA;7871902
2712105 LABORATORIO DA MULHER DRA MERCES PONTES CU;7877447
2716097 COMPLEXO HOSPITALAR IRMA DULCE O S S;7891067
2716275 HOSPITAL E MATERNIDADE MAE DO DIVINO AMOR;7899203
2716801 HOSPITAL DA CRIANCA GRENDACC;7906560
2722399 HOSPITAL MUNICIPAL NOSSA SENHORA DAS GRACA;7922833
2723158 CENTRO DE DERMATOLOGIA DONA LIBANIA CDERM;7947569
2723190 CRIO CENTRO REGIONAL INTEGRADO DE ONCOLOGI;7965052
2723220 HOSPITAL HAROLDO JUACABA;7977719
2726653 EBSERH HOSPITAL UNIVERSITARIO DA UFMA;8003629
2726971 HOSPITAL GETULIO VARGAS;8013969
2726998 ASSOCIACAO PIAUIENSE DE COMBATE AO CANCER;9124225
2727005 HOSPITAL SAO PAULO;9141839
2729385 HOSPITAL CRISTO REI;9185453
2730650 SANTA CASA DE CAMBE;9199101
2731967 CISCENOP;9205217
2733633 HOSPITAL E MATERNIDADE SANTA CASA DE UBIRA;9207295
2733676 HOSPITAL SAO PAULO;9209352
2735989 FUNDHOSPAR FUNDACAO HOSPITALAR DO PARANA;9235248
2736543 ANATOM;9255400
2737434 CEONC;9262407
2737469 CISOP;9270299
2738252 HOSPITAL DO CORACAO;9311866
2738279 HOSPITAL SANTA SIMONE;9314687
2738287 INSTITUTO SANTA PELIZZARI;9363947
2738309 HOSPITAL DE ENSINO SAO LUCAS;9381457
2738368 HOSPITAL UNIVERSITARIO DO OESTE DO PARANA;9411836
2738589 LABORATORIO APC CASCAVEL;9425802
2740338 HOSPITAL DO CANCER DE CASCAVEL UOPECCAN;9442642
2740435 IDF;9443665
2741687 CIS CENTRO OESTE;9463704
2741873 INSTITUTO SAO JOSE;9472983
2741989 HOSPITAL DE CARIDADE SAO VICENTE DE PAULO;9477381
2742047 INSTITUTO VIRMOND;9491112
2742071 CENTRO MEDICO HOSPITALAR SAO LUCAS;9491252
2742098 HOSPITAL SAO VICENTE DE PAULO;9529209
2743469 HOSPITAL E MATERNIDADE SANTA RITA;9546170
2744724 LABORATORIO SANTA ROSA;9556095
2744937 HOSPITAL INFANTIL PEQUENO ANJO;9650105
2744961 PHD PATOLOGIA HUMANA DIAGNOSTICA;9680500
2745402 SANTA CASA DE MISERICORDIA DE FLORIDA PAUL;9773657
2745798 HOSPITAL BENEFICENTE SANTO ANTONIO ORLANDI;9841903
2745801 HOSPITAL SAO MARCOS MORRO AGUDO;9895124
2748029 SANTA CASA DE MISERICORDIA DE SAO JOSE DOS;9917322
2748223 HOSPITAL DAS CLINICAS DA FACULDADE DE MEDI;9984321
2748568 SANTA CASA DE MISERICORDIA DE CAPIVARI;
2749149 SANTA CASA DE MISERICORDIA DE TAMBAU;
2749319 HOSPITAL MUNICIPAL UNIVERSITARIO DE TAUBAT;
2750546 HOSPITAL ESTADUAL PORTO PRIMAVERA ROSANA;
2750988 SANTA CASA DE DRACENA;
2751003 SANTA CASA DE JUNQUEIROPOLIS;
2751046 SANTA CASA DE SANTO ANASTACIO;
2751569 SANTA CASA DE MISERICORDIA DE CERQUILHO;
2751623 HOSPITAL FRANCISCO ROSAS;
2751674 HOSPITAL E MATERNIDADE NOSSA SENHORA DAS G;
2751704 SANTA CASA DE MISERICORDIA DE ITUVERAVA;
2751852 HOSPITAL DIA VILA PRUDENTE;
2752654 HOSPITAL VALE DO GUAPORE;
2752700 SANTA CASA DE MISERICORDIA DO PARA;
2752743 FGH;
2752808 HOSPITAL EVANGELICO DE PERNAMBUCO;
2753278 HOSPITAL E MATERNIDADE MUNICIPAL DE SAO JO;
2753332 HOSPITAL MATERNIDADE ALTO MARACANA;
2754738 SANTA CASA DE PARANAVAI;
2754843 HOSPITAL SANTO AMARO;
2755092 SANTA CASA DE PINDAMONHANGABA;
2755130 HOSPITAL DOMINGOS LEONARDO CERAVOLO PRESID;
2755165 HOSPITAL DOM ORIONE DE ARAGUAINA;
2755742 LABORATORIO DR ELY CHAVES;
2756307 LAGPAC LABORATORIO GOIANO DE PAT E CITOPAL;
2756749 HOSPITAL MUNICIPAL SAO JUDAS TADEU;
2756951 HOSPITAL NOSSA SENHORA AUXILIADORA;
2757761 CENTRO ESPECIALIZADO DE DIAGNOSTICO DO CAN;
2758164 HOSPITAL SAO JOSE;
2758245 SANTA CASA DE LINS;
2759306 POLICLINICA DE ARAGUARI;
2759616 LACO;
2760452 IPD J JANINI;
2760584 LABORATORIO DO SUDOESTE MINEIRO LTDA;
2760657 HOSPITAL SAO SEBASTIAO;
2760703 HOSPITAL SAO VICENTE DE PAULO DE UBA;
2761041 HOSPITAL REGIONAL DO SUL DE MINAS;
2761092 HOSPITAL BOM PASTOR;
2761238 HOSPITAL DIVINENSE;
2764776 CASA DE CARIDADE DE CARANGOLA;
2764792 CASA DE CARIDADE DE ITANHANDU;
2764814 CASA DE CARIDADE DE SAO LOURENCO;
2765640 HOSPITAL REGIONAL DE GUARAI;
2765934 HOSPITAL DE CLINICAS DE SAO SEBASTIAO;
2765942 HOSPITAL SANTA LUCINDA SOROCABA;
2769646 LABORATORIO SANTA MARIA;
2772280 HOSPITAL CALIXTO MIDLEJ FILHO;
2772310 SANTA CASA DE PIRACICABA;
2772566 ONCOMED RADIO;
2775956 SANTA CASA DE ANDRADAS;
2775999 IRMANDADE DA SANTA CASA DE MISERICORDIA DE;
2776022 SANTA CASA DE MONTE ALEGRE DE MINAS;
2777460 HOSPITAL SANTO AMARO;
2777495 PATLAB;
2778769 ANATOMIA PATOLOGICA LTDA;
2778858 HOSPITAL SAO SEBASTIAO;
2780143 CISNORPI;
2781751 HOSPITAL JESUITAS;
2781816 HOSPITAL NOSSA SENHORA DA SAUDE;
2781859 HOSPITAL UNIVERSITARIO REGIONAL DO NORTE D;
2783010 PATOLOGIA MEDICA DIAGNOSTICO PESQUISA E CO;
2783789 SANTA CASA DE IRATI;
2783800 SANTA CASA MISERICORDIA DE JACAREZINHO;
2784602 HOSPITAL AUGUSTO DE OLIVEIRA CAMARGO;
2785382 SANTA CASA DE PIRASSUNUNGA;
2785676 CENTRO DE SAUDE E SERVICOS DE APOIO DIAGNO;
2786109 HOSPITAL REGIONAL DE GURUPI;
2786117 HOSPITAL GERAL DE PALMAS DR FRANCISCO AYRE;
2786435 HCSVP HOSPITAL SAO VICENTE;
2786451 LABORATORIO IPAT;
2786680 HOSP MUN FERNANDO MAURO PIRES DA ROCHA;
2789582 AMBULATORIO DE ESPECIALIDADE DA FUABC;
2790521 FACULDADE DE ODONTOLOGIA DE BAURU;
2790602 HOSPITAL ESTADUAL BAURU;
2790734 INSTITUTO LAURO DE SOUZA LIMA BAURU;
2791722 SANTA CASA DE JAU;
2791730 SANTA CASA DE MISERICORDIA DE BOCAINA;
2792141 HOSPITAL REGIONAL DE COTIA;
2792176 HOSPITAL GERAL DE ITAPECERICA DA SERRA;
2792974 HOSPITAL REGIONAL DO VALE DO RIO PARDO;
2793237 ASSOCIACAO HOSPITALAR MANOEL FRANCISCO GUE;
2795671 HOSPITAL SANTO ANTONIO;
2795949 APP;
2796384 HOSPITAL SAO VICENTE DE PAULA;
2796430 SANTA CASA DE CARIDADE DE GUARANESIA;
2796449 SANTA CASA DE MISERICORDIA DE GUAXUPE;
2796562 HOSPITAL DE SANTOS DUMONT;
2796775 SANTA CASA DE MISERICORDIA DE MAR DE ESPAN;
2798298 SANTA CASA DE MISERICORDIA DE SAO JOSE DO;
2799286 HOSPITAL MATERNIDADE LUIZ ARGOLO;
2802090 HOSPITAL REGIONAL DEPUTADO LUIS EDUARDO MA;
2802104 HOSPITAL SANTO ANTONIO;
2802112 HOSPITAL SAO JOSE MATERNIDADE SANTA HELENA;
2802783 HOSPITAL GETULIO VARGAS;
2810123 HOSPITAL BENEFICENTE ASSISTEGUAIRA;
2813793 INSTITUTO MOACYR JUNQUEIRA;
2814439 LAPAT CUIABA;
2815125 LABORATORIO DR FALCAO;
2816210 HOSPITAL GOVERNADOR JOAO ALVES FILHO;
2819228 INSTITUTO DE PATOLOGIA DE ILHEUS;
2825325 COOCIPA;
2825589 METROPOLITANA DE SARANDI;
2831503 AME VALE DO JURUMIRIM;
2916479 CITOLAB LABORATORIO DE CITOPATOLOGIA;
2946548 LABORATORIO MUNICIPAL MONS AUSONIO ARAUJO;
3001466 CENTRO HOSPITALAR DO SISTEMA PENITENCIARIO;
3004295 CITODIAGNOSTICO;
3004791 SARAH BELO HORIZONTE;
3005011 NOROSPAR;
3008371 AFIP FILIAL SANTOS;
3008827 LAPAES;
3012212 HU HOSPITAL UNIVERSITARIO;
3019993 LABORATORIO NUCLEO;
3021114 SANTA CASA DE MISERICORDIA DE SOBRAL;
3021378 HOSPITAL DO VICENTINO;
3023052 LAB RUDOLF VIRCHOW;
3028399 HOSPITAL ESTADUAL PROF CARLOS DA SILVA LAC;
3038653 LAMEPI;
3049027 LABO CITO;
3052850 PHD;
3062503 SERVICO DE ANATOMIA PATOLOGICA E CITOPATOL;
3075516 HOSPITAL SAO VICENTE;
3087751 LABORATORIO MASTER;
3117324 PATOLOGIA SOARES;
3119327 UNIDADE RADIOLOGICA DR FABRICIO MALLOUK MO;
3126838 HOSPITAL REGIONAL DO VALE DO PARAIBA;
3137503 LAPAC LABORATORIO DE ANATOMIA PATOLOGICA E;
3139050 HOSPITAL DR LEO ORSI BERNARDES ITAPETINING;
3145425 ONCOMINAS ONCOLOGIA E RADIOTERAPIA POUSO A;
3157245 HOSPITAL UNIV PROFESSOR POLYDORO ERNANI DE;
3157369 LABORATORIO ITAPEMA FILIAL SAO SEBASTIAO;
3162362 LAPAC LABORATORIO DE ANATOMIA;
3163733 LABORATORIO ALVARENGA;
3169987 PATHOLOGY DIGNOSTICOS EM MEDICINA LTDA;
3200116 HISTOCITO;
3212130 HOSP MUN VER JOSE STOROPOLLI;
3252760 NAPS NUCLEO DE ATENCAO E PROMOCAO DA SAUDE;
3277062 LABORATORIO BIO CHECK UP;
3285391 HOSPITAL UNIVERSITARIO DA UNIVERSIDADE FED;
3287009 LABORATORIO MEDICO DE PATOLOGIA E CITOLOGI;
3293203 LABORATORIO SAO CAMILO;
3314766 HOSPITAL ELECTRO BONINI RIBEIRAO PRETO;
3316300 HOSPITAL REGIONAL DO NORTE PIONEIRO;
3327655 CEPAMA;
3329186 COBRA CENTRO ONCOLOGICO DO BRASIL DE ARAGU;
3339238 IMED INSTITUTO DE MEDICINA DIAGNOSTICA TRE;
3343456 FUGAST;
3369293 HOSPITAL MEMORIAL ARCOVERDE LTDA;
3389375 CEDAP CENTRO DIAGNOSTICO EM ANATOMIA PATOL;
3400557 CLINICA SENSUMED;
3409937 BIOCITO;
3417573 CENTRO DE ESPECIALIDADES EM SAUDE;
3448495 LABORATORIO DE ANALISES CLINICAS SAO SEBAS;
3477371 CRI CLINICA DE RADIOTERAPIA INGA;
3486737 LABORATORIO COSTA ROSA;
3488322 OBJETIVA LABORATORIO DE PATOLOGIA LTDA;
3488330 LABORATORIO DE PATOLOGIA ROCHA E GONZATTI;
3498441 CISMEPI;
3502651 RADICLIN CENTRO DE ONCOLOGIA;
3508528 HOSPITAL UNIVERSITARIO DE CANOAS;
3510247 CITOPAT PRESTADORA SERV MEDICO LAUDOS DE P;
3513416 LABORATORIO EDELWEISS LTDA;
3534979 DIAGNOSTICARE;
3539865 INSTITUTO PASTORI DE LIMA;
3563146 DIAC;
3569543 HOSPITAL MUNICIPAL DE MIRANDA RENATO ALBUQ;
3578003 CITOLOGIKA CENTRO DE DIAGNOSTICO NORTE MIN;
3634949 CISGAP;
3654826 HOSPITAL DE DOENCAS TROPICAIS DA UNIV FED;
3668770 HOSPITAL MATERNO INFANTIL TIA DEDE;
3675580 HOSPITAL DA LMECC;
3755568 CENTRO INTEGRADO DE SAUDE DA MULHER CISM;
3771016 DIAGNOSE;
3774554 HOSPITAL E MATERNIDADE MUNICIPAL N S DO MO;
3819590 HOSPITAL SAO PAULO;
3820998 FALCAO MEDICINA LABORATORIAL;
3823962 PHD PATOLOGIA HUMANA DIAGNOSTICA;
3842576 CITODIAGNOSTICOS;
3900940 LABORATORIO DE ANALISES CLINICAS E ANATOMO;
3908194 UFRGS;
3912272 CITOPREVE CONSULTORIA EM PATOLOGIA LTDA;
3956369 MATERNIDADE PROFESSOR JOSE MARIA DE MAGALH;
3971945 LABORATORIO DIAGNOSTIKA;
3972925 HOSPITAL DO OESTE;
3987884 HOSPITAL METROPOLITANO DE URGENCIA E EMERG;
3988015 CIP CENTRO INTEGRADO DE PATOLOGIA;
3995860 CIS AMERIOS;
4001303 HOSPITAL DE BASE PORTO VELHO;
4005775 HOSPITAL MARADEI;
4009444 MAT DR MARQUES BASTO E HOSP INF DR MIROCLE;
4028155 HOSPITAL REGIONAL DE JUAZEIRO;
4028414 HOSPITAL E MATERNIDADE DR GILENO DE SA OLI;
4034236 HOSPITAL UNIVERSITARIO CIENCIAS MEDICAS;
4042085 CASA DE CARIDADE DE MURIAE HOSPITAL SAO PA;
4044355 CEU CENTRO DE ESPECIALIDADES UNIFICADO;
4044630 UNIDADE SANITARIA DE JOAO NEIVA;
4044916 HOSPITAL UNIVERSITARIO CASSIANO ANTONIO MO;
4048571 CIPAX MEDICINA E SAUDE LTDA;
4049020 SANTA CASA DE OURINHOS;
4051165 ASSOCIACAO HOSPITALAR BENEFICENTE MOACIR M;
4054695 HOSPITAL MUNICIPAL PREFEITO QUINTO ABRAO D;
4055748 HOSPITAL SAO RAFAEL;
4056752 HOESP;
4061314 LABORATORIO ANNALAB;
4068823 HOSPITAL E MATERNIDADE DE RIO BRILHANTE;
5029570 CITOMED LAB MEDICO ESP CITOLOGIA E ANAT PA;
5061989 HOSPITAL MUNICIPAL PADRE GERMANO LAUCK;
5094461 LABCEL;
5133718 ERECHIM CENTRO DE PATOLOGIA MEDICA LTDA;
5173701 NUCLEOLAB LABORATORIO DE PATOLOGIA;
5194490 ANATOMICA;
5195756 CIS NORDESTE SC;
5200105 HOSPITAL MUNICIPAL PIMENTAS BONSUCESSO MAN;
5205905 PREVENCAO E DIAGNOSE;
5214815 HOSPITAL MEMORIAL RUBENS DUTRA SEGUNDO;
5223962 INSTITUTO DE CARDIOLOGIA HOSPITAL VIAMAO;
5232511 HOSPITAL PRO VIDA;
5258138 EDELWEISS CLINICA DE DIAGNOSTICOS;
5280230 CDM CENTRO DE DIAGNOSTICO MEDICO LTDA;
5325838 CELULA LABORATORIO DE PATOLOGIA E CITOLOGI;
5329922 CENTRO DE MEDICINA DIAGNOSTICA;
5335426 CENTRO DE PATOLOGIA E MEDICINA LABORATORIA;
5336163 CAD II CENTRO DE APOIO E DIAGNOSTICO SAO V;
5366828 SANTA CASA DE ATIBAIA;
5370205 LABORATORIO MULHER;
5373190 CEONC;
5412447 HOSPITAL PUBLICO MUNICIPAL DE MACAE HPM;
5413451 CISI CONSORCIO INTERMUNICIPAL DE SAUDE IGU;
5420938 HOSP MUN CARMEN PRUDENTE;
5453577 LABORATORIO EXAME;
5470080 APCI DIAGNOSTICO MEDICOS MOCOCA;
5478898 SES RJ HOSPITAL ESTADUAL VEREADOR MELCHIAD;
5479630 CISAMVI;
5519608 CONSISA VRT;
5522935 SERVICO DE ANATOMIA PATOLOGICA E IMUNOHIST;
5585422 HOSPITAL REGIONAL DO BAIXO AMAZONAS DO PA;
5595703 LABORATORIO LOGOS;
5597501 HOSPITAL REGIONAL PUBLICO DA TRANSAMAZONIC;
5599504 HOSPITAL REGIONAL DO SUDESTE DO PARA DR GE;
5603145 HOSPITAL DO CENTRO;
5610044 HOSPITAL DA VIDA;
5610699 LABORATORIO SANTA HELENA LTDA;
5618401 AME AMBULATORIO MEDICO DE ESPECIALIDADES D;
5621801 SMS CSE LAPA AP 10;
5662648 LABBOS;
5664675 PHD;
5699282 IBELAB;
5699290 CAISM CENTRO DE ASSISTENCIA INTEGRADO DE S;
5717515 HRSM;
5718368 HOSP MUN M BOI MIRIM;
5744148 EXAMINARE;
5753058 LABORATORIO DE PATOLOGIA ROCHA E GONZATTI;
5809460 LABORATORIO THIAGO HUGO;
5828856 UNIDADE DE URGENCIA DE TERESINA PROF ZENON;
5844843 FUNDACAO HOSPITALAR MUNICIPAL JOAO HENRIQU;
5851009 ICAP;
5860490 HOSPITAL UNIVERSITARIO DE MARILIA;
5869412 CENTRO DE TRATAMENTO FABIANA MACEDO DE MOR;
5887623 HOSPITAL ESTADUAL DE RIB PRETO DR CARLOS E;
5893046 LABORATORIO NUCLEO;
5908418 CENTRAL DE REGULACAO SAO JOSE;
5914981 CEDIA CENTRO DE DIAGNOSTICODR JOSE ULISSES;
5922216 HOSPITAL CASA DE SAUDE;
5922402 UNIDADE DE ONCOLOGIA DO SERIDO;
5925282 LAB PASTEUR UNIDADE DE COLETA JOACABA;
5931622 CENTRO DE DIAGNOSTICO SANTA CLARA;
5934869 CONSAUDE;
5967945 AME AMBULATORIO MEDICO DE ESPECIALIDADES D;
5973635 CENTRO DE ESPECIALIDADES MUNICIPAL;
5995280 HOSPITAL MUNICIPAL DE ARAUCARIA;
6014194 HOSPITAL SCHLATTER;
6019641 LABORATORIO PREVENCAO E DIAGNOSE;
6020917 HOSPITAL DA MULHER MARIA JOSE DOS SANTOS S;
6048692 HOSPITAL INFANTIL DR JESER AMARANTE FARIA;
6050786 LABORATORIO MUNICIPAL DE SAO JOSE;
6053858 COMPLEXO HOSPITALAR PREFEITO EDIVALDO ORSI;
6056148 AME AMBULATORIO MED DE ESPECIALIDADES DE S;
6095666 HOSPITAL MUNICIPAL DE BARUERI DR FRANCISCO;
6102174 CISTM;
6123740 INSTITUTO DO CANCER DO ESTADO DE SAO PAULO;
6123791 MEDICINA DIAGNOSTICA;
6135749 HOSPITAL DIA MOOCA;
6164366 HOSPITAL ESTADUAL AMERICO BRASILIENSE;
6192513 CENTRO DE DIAGNOSTICO DE DOENCAS DA MAMA D;
6199879 AME AMBULATORIO MEDICO DE ESPECIALIDADES C;
6201059 HOSPITAL CASSEMS UNIDADE DOURADOS;
6212581 AME AMBULATORIO MED DE ESPECIALIDADES STA;
6220304 CLIMPAS SERTAOZINHO;
6233848 AME AMBULATORIO MEDICO DE ESPECIALIDADES D;
6236596 HOSPITAL ESTADUAL JOAO PAULO II SAO JOSE D;
6239900 LABORATORIO CITOMED;
6248624 LABORATORIO LABSUL;
6250564 HOSPITAL MODELO DE ANANINDEUA;
6269680 INSTITUTO DE ANATOMIA PATOLOGIA E CITOPATO;
6273874 HOSPITAL DOM BOSCO RIO DOS CEDROS SC;
6284930 LABORATORIO MUNICIPAL DE ANALISES CLINICAS;
6287557 MR VENTURA MEDICINA DIAGNOSTICA;
6289304 AME AMBULATORIO MEDICO DE ESPECIALIDADES B;
6294049 AME AMBULATORIO MED ESPECIALIDADES SAO JOS;
6295312 CENTRO DIAGNOSTICO DE BARCARENA;
6303153 HOSPITAL NOSSA SENHORA DA GUIA;
6340245 CENTRO DE DIAGNOSTICO DR ANDRE PONTES;
6343279 CIS AMEOSC;
6361994 SECRETARIA MUNICIPAL DE SAUDE DE FORQUILHI;
6365213 AME AMBUL MED DE ESPECIALIDADES AVELINO FE;
6389104 HOSPITAL DE SANTO ANTONIO DA PATRULHA;
6423086 AME AMBULATORIO MEDICO DE ESPECIALIDADES J;
6424341 HOSPITAL REGIONAL DO SUDOESTE WALTER ALBER;
6426190 HOSPITAL REGIONAL DR ALVARO FONTOURA SILVA;
6426204 HOSPITAL INFANTIL DOUTOR WALDEMAR MONASTIE;
6427286 CONLAB;
6431569 HOSPITAL MIGUEL ARRAES;
6432530 AME AMBULATORIO MEDICO DE ESPEC DRA MARIA;
6476058 AME DR ANTONIO CARLOS FONTOURA DA SILVA PR;
6479146 AME AMBULATORIO MED DE ESPECIALIDADES DE R;
6479200 AME DR LUIZ ROBERTO BARRADAS BARATA SAO PA;
6497489 ONCORADIUM;
6511333 CITOMED;
6523536 AME AMBULATORIO MEDICO DE ESPECIALIDADES D;
6534694 LABORATORIO CITO;
6542638 HOSPITAL UNIVERSITARIO REGIONAL DOS CAMPOS;
6546463 AME AMBULATORIO MED DE ESPEC VILOBALDO C T;
6559379 HOSPITAL DOM HELDER CAMARA;
6564801 LABORATORIO CARLOS CHAGAS;
6568459 AME AMB MEDICO DE ESP ELIANA N Z M GIANTOM;
6568971 AME ANDRADINA DR EDMON ALEXANDRE SALOMAO;
6572367 AME ARACATUBA DR OSCAR GURJAO COTRIM;
6583326 CENTRO DE TRATAMENTO DE CANCER DE DOURADOS;
6599877 HOSPITAL REGIONAL DE CACOAL HRC;
6601804 HOSPITAL E MATERNIDADE MUNICIPAL DR ODELMO;
6602533 HOSPITAL ESTADUAL DA CRIANCA;
6603432 AME AMB MEDICO DE ESP BENEDITO DARCADIA DE;
6604862 AME ITAPEVA EDISON OLIVEIRA MARTHO;
6607179 AME AMBULATORIO MEDICO DE ESPECIALIDADES A;
6618561 CONSORCIO CISAMARP;
6639658 AMBULATORIO MEDICO DE ESPECIALIDADE AME DE;
6655416 AME SANTO ANDRE DR NEWTON DA COSTA BRANDAO;
6657516 AME ITU AMBULATORIO MEDICO DE ESPECIALIDAD;
6669298 CLINICA E LABORATORIO BRASIL;
6669727 AME AMBULATORIO MEDICO DE ESPECIALIDADES D;
6673988 LABOR LABCLIM;
6676898 CENTRO MUNICIPAL DE ATENCAO SECUNDARIA MAI;
6683134 HOSPITAL REGIONAL TEREZINHA GAIO BASSO;
6697054 CASU IRMA DENISE;
6697208 SAO ROQUE MEDICINA DIAGNOSTICA;
6710158 HOSPITAL REGIONAL PUBLICO DO MARAJO;
6752233 AME AMBULATORIO MEDICO DE ESPECIALIDADE GE;
6777716 LCP LABORATORIO DE CITOLOGIA E PATOLOGIA;
6794858 CENTRO DE APOIO EM PATOLOGIA DE GUARAPUAVA;
6817769 CLINICA MUNICIPAL DE ESPECIALIDADES;
6820018 SMS CF BARBARA STARFIELD AP 32;
6820158 LABORATORIO PASTEUR DE PATOLOGIA;
6844138 HOSPITAL SAO JOSE DE DOIS IRMAOS IBSAUDE;
6854729 HOSPITAL MUNICIPAL RUTH CARDOSO;
6876617 HOSPITAL DA CRIANCA DE BRASILIA JOSE ALENC;
6892256 HOSPITAL E MATERNIDADE REGIONAL DE IBIRITE;
6895263 AME AMBULATORIO MED ESPECIALIDADES DE SAO;
6908268 HOSPITAL PELOPIDAS SILVEIRA;
6909914 IBRAP ARAGUAINA;
6920217 FPM POLICLINICA ESCOLA DA FACULDADE PATOS;
6920977 HOSPITAL REGIONAL DE JANAUBA;
6943284 MATERNIDADE GOTA DE LEITE DE ARARAQUARA;
6956718 AME MAUA;
6972721 LABORATORIO NUCLEO DE BELA VISTA DE GOIAS;
6984649 BP HOSPITAL FILANTROPICO;
6985769 IMAP INSTITUTO MEDICO DE ANATOMIA PATOLOGI;
6998704 COMPLEXO HOSPITALAR DOS ESTIVADORES;
7016654 CDC CARDIOGRAPH;
7025734 CENTRO ESTADUAL DE ATENCAO ESPECIALIZADA C;
7026137 LABORATORIO DE ANALISES CLINICAS DR IVANIL;
7033702 AME AMBULATORIO MEDICO DE ESPECIALIDADES D;
7038216 PRONTO SOCORRO MUNICIPAL DE ITABIRA;
7039344 INSTITUTO SAO RAFAEL;
7049730 AME AMBULATORIO MEDICO DE ESPECIALIDADES C;
7058616 BYOPATOLOGIA CENTRO DIAGNOSTICO DE PATOLOG;
7065515 HOSPITAL SAO FRANCISCO NA PROVIDENCIA DE D;
7066376 HOSPITAL DE AMOR JALES;
7068336 HOSPITAL DE AMOR AMAZONIA;
7072341 POLICLINICA JOSE GILVAN LEITE SAMPAIO BREJ;
7082886 HOSPITAL DR JOSE MARIA MORAIS;
7083106 LABORATORIO CENTRAL DA SERRA;
7092571 HOSPITAL INDEPENDENCIA;
7095465 LABORATORIO TAFURI;
7105088 HOSPITAL MUNICIPAL NOSSA SENHORA DA GRACA;
7115148 HOSPITAL UNIVERSITARIO;
7117485 HOSPITAL MUNICIPAL DR CRUZATTI;
7151950 BIOLAB ANALISES CLINICAS;
7176090 LAB ANATOP CITOP ZANELLA LTDA;
7185081 SES RJ HOSPITAL ESTADUAL TRANSPLANTE CANCE;
7188676 AME AMBULATORIO MEDICO DE ESPECIALIDADES D;
7205686 INSTITUTO SUL PARANAENSE DE RADIOTERAPIA;
7209517 AME AMBULATORIO MEDICO DE ESPECIALIDADES D;
7250401 SOCIEDADE BENEFICENTE CRISTO REI;
7257406 HOSPITAL ESTADUAL DR JAYME SANTOS NEVES;
7266960 CENTRO ESTADUAL DE ATENCAO ESPECIALIZADA;
7267975 SES RJ INSTITUTO ESTADUAL DO CEREBRO PAULO;
7274351 AFSC;
7278608 CIS CENTRO INTEGRADO EM SAUDE;
7286082 HOSPITAL DA CRIANCA AUGUSTA MULLER BOHNER;
7287380 CEDIA;
7297394 UPAE DR EMANUEL ALIRIO BRANDAO PETROLINA;
7322879 LABORATORIO DE ANATOMOCITOPATOLOGIA DO E D;
7361289 CTR CENTRO DE TRATAMENTO EM RADIO ONCOLOGI;
7366108 HOSPITAL DAS CLINICAS DOUTOR MARIO RIBEIRO;
7373465 HOSPITAL DE CLINICAS MUNICIPAL;
7382626 POLICLINICA JUDITE CHAVES SARAIVA LIMOEIRO;
7398948 CENTRO MEDICO HILARION;
7400926 FUNDACAO HOSPITAL REGIONAL DO CANCER;
7401698 CITOCORE;
7403992 DIAG CITO;
7418752 LABORATORIO BIOANALISE;
7430264 LABORATORIO CAPC ITUMBIARA;
7438222 CSE DR WASHINGTON LUIS M RODRIGUES DA SILV;
7442246 AAS;
7445571 ONCOCENTER;
7471955 HOSPITAL MEDICO CIRURGICO;
7473702 HOSP MUN DE MOGI DAS CRUZES PREF WALDEMAR;
7486596 HOSPITAL REGIONAL DE BIGUACU HELMUTH NASS;
7513151 HOSPITAL RESTINGA E EXTREMO SUL;
7559461 LABORATORIO MUNICIPAL DE MOGI DAS CRUZES;
7560435 AME PARIQUERA ACU;
7573162 HOSPITAL REGIONAL DE JUNDIAI;
7595247 CISVER;
7607547 ASSOCIACAO BENEFICENTE OSWALDO CRUZ DE HOR;
7695373 TOPLAB MEDICINA LOBORATORIAL;
7711980 HOSP MUN GILSON DE CASSIA MARQUES DE CARVA;
7725019 POLICLINICA DR VALMOR BEDUSCHI;
7781318 FALCAO DIAGNOSTICOS;
7826060 HOSPITAL REGIONAL DA BAIXADA MARANHENSE DR;
7845138 UOPECCAN FILIAL UMUARAMA;
7865082 CASA ROSA CENTRO DE REFERENCIA EM SAUDE DA;
7866801 HOSPITAL METROPOLITANO DOUTOR CELIO DE CAS;
7871902 HOSPITAL ONCOLOGICO INFANTIL OCTAVIO LOBO;
7877447 LABORATORIO DE ANATOMOPATOLOGIA FAHECE;
7891067 HOSPITAL REGIONAL DE CAXIAS DR EVERALDO FE;
7893302 CENTRO PREVENCAO DIAGNOSTICO PRECOCE DO CA;
7899203 AFIP SOROCABA;
7906560 CONVALES;
7922833 DIAGNOSE;
7947569 DIAGNOSTIKA ANATOMIA PATOLOGICA E CITOLOGI;
7947984 COMPLEXO MUNICIPAL DE SAUDE;
7958838 US 444 HOSPITAL DA MULHER DO RECIFE DRA ME;
7965052 LABORATORIO DE PATOLOGIA LIVRAMENTO;
7977719 CENTRO ONCOLOGICO ACCCOM;
7984669 CENTRO DE SAUDE ANTONIO MARINHO DE CARVALH;
8003629 HOSPITAL DO CORACAO DE NATAL;
8006458 SOLIM LABORATORIOS;
8013969 LABORATORIO SAO NICOLAU;
8015899 HOSPITAL ESTADUAL DIRCEU ARCOVERDE;
9030557 AMBULATORIO MEDICO DE ESPECIALID DE LORENA;
9031464 UNACON TUCURUI;
9065768 HOSPITAL MACRORREGIONAL DRA RUTH NOLETO;
9124225 EXATO LABORATORIO ANALISES CLINICAS;
9141839 HOSPITAL REGIONAL JOSE ALENCAR;
9146288 CLINICA INTEGRADA MUNICIPAL;
9185453 CICLO MEDICINA DIAGNOSTICA;
9199101 CENTRAL DE REGULACAO MUNICIPAL DE SOORETAM;
9205217 PLENNO SERVICOS MEDICOS E DIAGNOSTICOS;
9207295 CENTRO DE DIAGNOSTICO MARIA MARIANO MENEGH;
9209352 HOSPITAL MUNICIPAL DE CUIABA E P S DR LEON;
9211241 SIAP SERVICOS INTEGRADOS DE ANATOMIA E PAT;
9232141 AME AMB MEDICO DE ESP FRANCESCO LEONARDO B;
9235248 CESAPI;
9255400 IRRADIAR DE PALMAS;
9262407 HOSPITAL DOM TOMAS;
9270299 SICAR LABORATORIOS;
9311866 IAP NEUMANN;
9314687 AME TAQUARITINGA;
9348638 CISAMUREL;
9363947 MEDVIDA;
9372822 POLICLINICA REGIONAL REGIAO DE SAUDE DE TE;
9373853 POLICLINICA REGIONAL REGIAO DE SAUDE GUANA;
9381457 UNIDADE DE SAUDE ETHEVALDO FRANCISCO ROLDI;
9388133 HOSPITAL REGIONAL COSTA DO CACAU;
9411836 LAP LABORATORIO DE ANATOMIA PATOLOGICA;
9425802 HOSPITAL REGIONAL DE PIRACICABA;
9442642 AMBULATORIO MEDICO DE ESPECIALIDADES AME S;
9443665 HOSPITAL MUNICIPAL DE SALVADOR HMS;
9447601 LATORMES ANATOMIA PATOLOGICA E CITOLOGICA;
9463704 VIDEN PATOLOGIA;
9472983 DIAGNOSTIKA ANATOMIA PATOLOGICA E CITOLOGI;
9477381 MASTERCLIN;
9491112 HOSPITAL REGIONAL DE SOROCABA;
9491252 DR RUBENS SAVASTANO HOSPITAL REGIONAL DE S;
9507930 POLICLINICA REGIONAL REGIAO DE SAUDE FEIRA;
9511377 POLICLINICA REGIONAL RS STO ANTONIO DE JES;
9529209 CEI CENTRO DE ESPECIALIDADES DE ITAMOGI BE;
9548858 POLICLINICA NUCLEO BANDEIRANTE;
9551808 NEOPATHOLOGIA;
9556095 HOSPITAL REGIONAL DE REGISTRO REGISTRO;
9563873 HOSPITAL SAO JOSE;
9574123 UNICITO;
9575936 HOSPITAL REGIONAL DE SANTA MARIA;
9577599 LABORATORIO ELLINGER;
9580743 AME SAO VICENTE;
9650105 SANTA CASA DE MISERICORDIA DE PATOS DE MIN;
9680500 SANTA CASA DE GARCA HOSPITAL SAO LUCAS HSL;
9685871 HOSPITAL REGIONAL PUBLICO DOS CAETES DR JO;
9773657 HOSPITAL ESTADUAL DE SERRANA;
9780483 CITOMED LABORATORIO FILIAL;
9804951 AFIP ASSOCIACAO FUNDO DE INCENTIVO A PESQU;
9841903 HOSPITAL ESTADUAL SANTA CASA;
9866035 POLICLINICA REGIONAL DE SAUDE VITORIA DA C;
9882138 HOSPITAL DE AMOR RIO BRANCO;
9917322 HOSPITAL REGIONAL PUBLICO DR ABELARDO SANT;
9939938 POLICLINICA LUSMAR VERAS RODRIGUES;
9984321 LABORATORIO DI PREVER LTDA;
Total;
